Timestamp_WIB,Callsign,Flight_Number,Flight_ID,Airline_Name,Airline_ICAO,Airline_IATA,Aircraft_Model,Aircraft_Type,Registration_Number,Aircraft_Image_URL,Origin_IATA,Origin_ICAO,Origin_Airport_Name,Origin_City,Destination_IATA,Destination_ICAO,Destination_Airport_Name,Destination_City,Latitude,Longitude,Heading_Deg,Squawk_Code,Altitude_Meters,Altitude_Feet,Ground_Speed_KMH,Ground_Speed_Knots,Vertical_Speed_MS,Vertical_Speed_FPM,Flight_Phase,Is_Ground,Status_Text,Scheduled_Departure,Actual_Departure,Estimated_Arrival,Source
2026-09-24 23:15:03,JAL726,JL726,41d0730d,Japan Airlines (JAL),JAL,N/A,B763,N/A,JA606J,N/A,CGK,N/A,N/A,N/A,NRT,N/A,N/A,N/A,1.426,112.625,40,N/A,9456.4,31025,887.1,479,-0.33,-64,Cruising,0,N/A,N/A,N/A,N/A,FlightRadar24
2026-09-24 23:15:03,AAR762,OZ762,41d06896,Asiana Airlines,AAR,N/A,A359,N/A,HL8079,N/A,CGK,N/A,N/A,N/A,ICN,N/A,N/A,N/A,2.092,113.073,36,N/A,10668.0,35000,874.1,472,0.0,0,Cruising,0,N/A,N/A,N/A,N/A,FlightRadar24
2026-09-24 23:15:03,ANG393,PX393,41d06796,Other Airline,ANG,N/A,B763,N/A,P2-PXW,N/A,SIN,N/A,N/A,N/A,POM,N/A,N/A,N/A,-3.295,113.628,100,N/A,10058.4,33000,879.7,475,0.0,0,Cruising,0,N/A,N/A,N/A,N/A,FlightRadar24
2026-09-24 23:15:03,JJA5304,7C5304,41d07c1f,Jeju Air,JJA,N/A,B38M,N/A,HL8552,N/A,DPS,N/A,N/A,N/A,ICN,N/A,N/A,N/A,-0.909,114.838,7,N/A,10668.0,35000,827.8,447,0.0,0,Cruising,0,N/A,N/A,N/A,N/A,FlightRadar24
2026-09-24 23:15:03,LNI798,JT798,41d06639,Lion Air,LNI,N/A,B739,N/A,PK-LHS,N/A,CGK,N/A,N/A,N/A,UPG,N/A,N/A,N/A,-5.181,118.16,76,N/A,7010.4,23000,722.3,390,-9.1,-1792,Descending (Landing/Approach),0,N/A,N/A,N/A,N/A,FlightRadar24
2026-09-24 23:15:03,BTK6136,ID6136,41d08216,Batik Air,BTK,N/A,A320,N/A,PK-LAZ,N/A,SUB,N/A,N/A,N/A,UPG,N/A,N/A,N/A,-5.001,119.483,130,N/A,480.1,1575,242.6,131,-3.25,-640,Descending (Landing/Approach),0,N/A,N/A,N/A,N/A,FlightRadar24
2026-09-24 23:15:03,HVN773,VN773,41d03b8f,Vietnam Airlines,HVN,N/A,A359,N/A,VN-A896,N/A,SGN,N/A,N/A,N/A,SYD,N/A,N/A,N/A,-0.545,120.024,137,N/A,11887.2,39000,879.7,475,0.0,0,Cruising,0,N/A,N/A,N/A,N/A,FlightRadar24
2026-09-24 23:21:25,JAL726,JL726,41d0730d,Japan Airlines (JAL),JAL,N/A,B763,N/A,JA606J,N/A,CGK,N/A,N/A,N/A,NRT,N/A,N/A,N/A,2.063,113.184,39,N/A,9448.8,31000,881.6,476,0.33,64,Cruising,0,N/A,N/A,N/A,N/A,FlightRadar24
2026-09-24 23:21:25,AAR762,OZ762,41d06896,Asiana Airlines,AAR,N/A,A359,N/A,HL8079,N/A,CGK,N/A,N/A,N/A,ICN,N/A,N/A,N/A,2.761,113.573,36,N/A,11887.2,39000,855.6,462,0.0,0,Cruising,0,N/A,N/A,N/A,N/A,FlightRadar24
2026-09-24 23:21:25,ANG393,PX393,41d06796,Other Airline,ANG,N/A,B763,N/A,P2-PXW,N/A,SIN,N/A,N/A,N/A,POM,N/A,N/A,N/A,-3.453,114.455,100,N/A,10058.4,33000,872.3,471,0.0,0,Cruising,0,N/A,N/A,N/A,N/A,FlightRadar24
2026-09-24 23:21:25,JJA5304,7C5304,41d07c1f,Jeju Air,JJA,N/A,B38M,N/A,HL8552,N/A,DPS,N/A,N/A,N/A,ICN,N/A,N/A,N/A,-0.144,114.983,10,N/A,10668.0,35000,813.0,439,0.0,0,Cruising,0,N/A,N/A,N/A,N/A,FlightRadar24
2026-09-24 23:21:25,LNI798,JT798,41d06639,Lion Air,LNI,N/A,B739,N/A,PK-LHS,N/A,CGK,N/A,N/A,N/A,UPG,N/A,N/A,N/A,-5.035,118.787,77,N/A,3383.3,11100,622.3,336,-4.23,-832,Descending (Landing/Approach),0,N/A,N/A,N/A,N/A,FlightRadar24
2026-09-24 23:21:25,BTK6136,ID6136,41d08216,Batik Air,BTK,N/A,A320,N/A,PK-LAZ,N/A,SUB,N/A,N/A,N/A,UPG,N/A,N/A,N/A,-5.078,119.55,208,N/A,0.0,0,38.9,21,0.0,0,On Taxiway/Runway,1,N/A,N/A,N/A,N/A,FlightRadar24
2026-09-24 23:21:25,HVN773,VN773,41d03b8f,Vietnam Airlines,HVN,N/A,A359,N/A,VN-A896,N/A,SGN,N/A,N/A,N/A,SYD,N/A,N/A,N/A,-1.255,120.486,153,N/A,11879.6,38975,892.7,482,0.0,0,Cruising,0,N/A,N/A,N/A,N/A,FlightRadar24
2026-09-24 23:28:28,JAL726,JL726,41d0730d,Japan Airlines (JAL),JAL,N/A,B763,N/A,JA606J,N/A,CGK,N/A,N/A,N/A,NRT,N/A,N/A,N/A,2.759,113.745,39,N/A,9448.8,31000,851.9,460,0.0,0,Cruising,0,N/A,N/A,N/A,N/A,FlightRadar24
2026-09-24 23:28:28,ANG393,PX393,41d06796,Other Airline,ANG,N/A,B763,N/A,P2-PXW,N/A,SIN,N/A,N/A,N/A,POM,N/A,N/A,N/A,-3.625,115.351,100,N/A,10058.4,33000,863.0,466,0.0,0,Cruising,0,N/A,N/A,N/A,N/A,FlightRadar24
2026-09-24 23:28:28,JJA5304,7C5304,41d07c1f,Jeju Air,JJA,N/A,B38M,N/A,HL8552,N/A,DPS,N/A,N/A,N/A,ICN,N/A,N/A,N/A,0.511,115.446,11,N/A,10668.0,35000,807.5,436,0.33,64,Cruising,0,N/A,N/A,N/A,N/A,FlightRadar24
2026-09-24 23:28:28,LNI984,JT984,41d080e2,Lion Air,N/A,N/A,B738,N/A,PK-LKV,N/A,CGK,N/A,N/A,N/A,UPG,N/A,N/A,N/A,-5.714,115.768,81,N/A,10668.0,35000,37.0,20,0.0,0,Cruising,0,N/A,N/A,N/A,N/A,FlightRadar24
2026-09-24 23:28:28,LNI798,JT798,41d06639,Lion Air,LNI,N/A,B739,N/A,PK-LHS,N/A,CGK,N/A,N/A,N/A,UPG,N/A,N/A,N/A,-4.911,119.317,76,N/A,1310.6,4300,381.5,206,-3.9,-768,Descending (Landing/Approach),0,N/A,N/A,N/A,N/A,FlightRadar24
2026-09-24 23:28:28,HVN773,VN773,41d03b8f,Vietnam Airlines,HVN,N/A,A359,N/A,VN-A896,N/A,SGN,N/A,N/A,N/A,SYD,N/A,N/A,N/A,-1.959,121.095,136,N/A,11887.2,39000,885.3,478,0.0,0,Cruising,0,N/A,N/A,N/A,N/A,FlightRadar24
2026-09-24 23:35:30,SIA285,SQ285,41d079ff,Singapore Airlines,SIA,N/A,B77W,N/A,9V-SWM,N/A,SIN,N/A,N/A,N/A,AKL,N/A,N/A,N/A,-3.338,113.057,117,N/A,9448.8,31000,913.0,493,0,0,Cruising,0,N/A,N/A,N/A,N/A,FlightRadar24
2026-09-24 23:35:30,JJA5304,7C5304,41d07c1f,Jeju Air,JJA,N/A,B38M,N/A,HL8552,N/A,DPS,N/A,N/A,N/A,ICN,N/A,N/A,N/A,1.353,115.606,10,N/A,10668.0,35000,807.5,436,0,0,Cruising,0,N/A,N/A,N/A,N/A,FlightRadar24
2026-09-24 23:35:30,ANG393,PX393,41d06796,Other Airline,ANG,N/A,B763,N/A,P2-PXW,N/A,SIN,N/A,N/A,N/A,POM,N/A,N/A,N/A,-3.796,116.251,100,N/A,10058.4,33000,866.7,468,0,0,Cruising,0,N/A,N/A,N/A,N/A,FlightRadar24
2026-09-24 23:35:30,CTV217,QG217,41d0d7b0,Citilink,CTV,N/A,A20N,N/A,PK-GTG,N/A,UPG,N/A,N/A,N/A,CGK,N/A,N/A,N/A,-5.08,119.545,354,N/A,0.0,0,0.0,0,0,0,On Taxiway/Runway,1,N/A,N/A,N/A,N/A,FlightRadar24
2026-09-24 23:35:30,LNI798,JT798,41d06639,Lion Air,LNI,N/A,B739,N/A,PK-LHS,N/A,CGK,N/A,N/A,N/A,UPG,N/A,N/A,N/A,-5.067,119.561,129,N/A,0.0,0,42.6,23,0,0,On Taxiway/Runway,1,N/A,N/A,N/A,N/A,FlightRadar24
2026-09-24 23:42:33,SIA285,SQ285,41d079ff,Singapore Airlines,SIA,N/A,B77W,N/A,9V-SWM,N/A,SIN,N/A,N/A,N/A,AKL,N/A,N/A,N/A,-3.782,113.91,117,N/A,9448.8,31000,918.6,496,0,0,Cruising,0,N/A,N/A,N/A,N/A,FlightRadar24
2026-09-24 23:42:33,JJA5304,7C5304,41d07c1f,Jeju Air,JJA,N/A,B38M,N/A,HL8552,N/A,DPS,N/A,N/A,N/A,ICN,N/A,N/A,N/A,2.148,115.715,2,N/A,10668.0,35000,37.0,20,0,0,Cruising,0,N/A,N/A,N/A,N/A,FlightRadar24
2026-09-24 23:42:33,ANG393,PX393,41d06796,Other Airline,ANG,N/A,B763,N/A,P2-PXW,N/A,SIN,N/A,N/A,N/A,POM,N/A,N/A,N/A,-3.961,117.126,100,N/A,10058.4,33000,868.6,469,0,0,Cruising,0,N/A,N/A,N/A,N/A,FlightRadar24
2026-09-24 23:42:33,UAE75T,EK435,41cfa667,Emirates,UAE,N/A,A388,N/A,A6-EUJ,N/A,BNE,N/A,N/A,N/A,DXB,N/A,N/A,N/A,-5.623,117.449,296,N/A,10972.8,36000,931.6,503,0,0,Cruising,0,N/A,N/A,N/A,N/A,FlightRadar24
2026-09-24 23:42:33,LNI984,JT984,41d080e2,Lion Air,N/A,N/A,B738,N/A,PK-LKV,N/A,CGK,N/A,N/A,N/A,UPG,N/A,N/A,N/A,-5.495,117.608,86,N/A,10668.0,35000,837.1,452,0,0,Cruising,0,N/A,N/A,N/A,N/A,FlightRadar24
2026-09-24 23:42:33,CTV217,QG217,41d0d7b0,Citilink,CTV,N/A,A20N,N/A,PK-GTG,N/A,UPG,N/A,N/A,N/A,CGK,N/A,N/A,N/A,-5.081,119.545,120,N/A,0.0,0,1.9,1,0,0,On Taxiway/Runway,1,N/A,N/A,N/A,N/A,FlightRadar24
2026-09-24 23:42:33,LNI798,JT798,41d06639,Lion Air,LNI,N/A,B739,N/A,PK-LHS,N/A,CGK,N/A,N/A,N/A,UPG,N/A,N/A,N/A,-5.08,119.547,225,N/A,0.0,0,18.5,10,0,0,On Taxiway/Runway,1,N/A,N/A,N/A,N/A,FlightRadar24
2026-09-24 23:49:27,HVN781,VN781,41d05e1b,Vietnam Airlines,HVN,N/A,A359,N/A,VN-A894,N/A,SGN,N/A,N/A,N/A,MEL,N/A,N/A,N/A,-4.589,112.753,150,N/A,11887.2,39000,926.0,500,0.0,0,Cruising,0,N/A,N/A,N/A,N/A,FlightRadar24
2026-09-24 23:49:27,SIA285,SQ285,41d079ff,Singapore Airlines,SIA,N/A,B77W,N/A,9V-SWM,N/A,SIN,N/A,N/A,N/A,AKL,N/A,N/A,N/A,-4.223,114.761,117,N/A,9448.8,31000,920.4,497,0.0,0,Cruising,0,N/A,N/A,N/A,N/A,FlightRadar24
2026-09-24 23:49:27,JJA5304,7C5304,41d07c1f,Jeju Air,JJA,N/A,B38M,N/A,HL8552,N/A,DPS,N/A,N/A,N/A,ICN,N/A,N/A,N/A,3.03,115.747,2,N/A,10668.0,35000,824.1,445,0.0,0,Cruising,0,N/A,N/A,N/A,N/A,FlightRadar24
2026-09-24 23:49:27,KAL432,KE432,41d0bd19,Korean Air,KAL,N/A,B789,N/A,HL8085,N/A,DPS,N/A,N/A,N/A,ICN,N/A,N/A,N/A,-5.25,116.607,27,N/A,11277.6,37000,883.4,477,0.0,0,Cruising,0,N/A,N/A,N/A,N/A,FlightRadar24
2026-09-24 23:49:27,ANG393,PX393,41d06796,Other Airline,ANG,N/A,B763,N/A,P2-PXW,N/A,SIN,N/A,N/A,N/A,POM,N/A,N/A,N/A,-4.134,118.039,100,N/A,10058.4,33000,877.8,474,0.0,0,Cruising,0,N/A,N/A,N/A,N/A,FlightRadar24
2026-09-24 23:49:27,LNI984,JT984,41d080e2,Lion Air,N/A,N/A,B738,N/A,PK-LKV,N/A,CGK,N/A,N/A,N/A,UPG,N/A,N/A,N/A,-5.444,118.466,86,N/A,8618.2,28275,770.4,416,-8.78,-1728,Descending (Landing/Approach),0,N/A,N/A,N/A,N/A,FlightRadar24
2026-09-24 23:49:27,CTV217,QG217,41d0d7b0,Citilink,CTV,N/A,A20N,N/A,PK-GTG,N/A,UPG,N/A,N/A,N/A,CGK,N/A,N/A,N/A,-5.066,119.559,129,N/A,0.0,0,25.9,14,0.0,0,On Taxiway/Runway,1,N/A,N/A,N/A,N/A,FlightRadar24
2026-09-24 23:56:26,HVN781,VN781,41d05e1b,Vietnam Airlines,HVN,N/A,A359,N/A,VN-A894,N/A,SGN,N/A,N/A,N/A,MEL,N/A,N/A,N/A,-5.435,113.237,150,N/A,11887.2,39000,937.1,506,0.0,0,Cruising,0,N/A,N/A,N/A,N/A,FlightRadar24
2026-09-24 23:56:26,SIA285,SQ285,41d079ff,Singapore Airlines,SIA,N/A,B77W,N/A,9V-SWM,N/A,SIN,N/A,N/A,N/A,AKL,N/A,N/A,N/A,-4.666,115.618,117,N/A,9448.8,31000,927.9,501,0.0,0,Cruising,0,N/A,N/A,N/A,N/A,FlightRadar24
2026-09-24 23:56:26,UAE75T,EK435,41cfa667,Emirates,UAE,N/A,A388,N/A,A6-EUJ,N/A,BNE,N/A,N/A,N/A,DXB,N/A,N/A,N/A,-4.705,115.654,296,N/A,10972.8,36000,933.4,504,0.0,0,Cruising,0,N/A,N/A,N/A,N/A,FlightRadar24
2026-09-24 23:56:26,SJY598,SJ598,41d096e9,Sriwijaya Air,SJY,N/A,B735,N/A,PK-CLF,N/A,CGK,N/A,N/A,N/A,UPG,N/A,N/A,N/A,-5.699,115.863,81,N/A,10058.4,33000,805.6,435,0.0,0,Cruising,0,N/A,N/A,N/A,N/A,FlightRadar24
2026-09-24 23:56:26,KAL432,KE432,41d0bd19,Korean Air,KAL,N/A,B789,N/A,HL8085,N/A,DPS,N/A,N/A,N/A,ICN,N/A,N/A,N/A,-4.419,117.029,26,N/A,11658.6,38250,857.5,463,5.2,1024,Climbing (Takeoff),0,N/A,N/A,N/A,N/A,FlightRadar24
2026-09-24 23:56:26,ANG393,PX393,41d06796,Other Airline,ANG,N/A,B763,N/A,P2-PXW,N/A,SIN,N/A,N/A,N/A,POM,N/A,N/A,N/A,-4.303,118.944,100,N/A,10058.4,33000,879.7,475,0.0,0,Cruising,0,N/A,N/A,N/A,N/A,FlightRadar24
2026-09-24 23:56:26,LNI984,JT984,41d080e2,Lion Air,N/A,N/A,B738,N/A,PK-LKV,N/A,CGK,N/A,N/A,N/A,UPG,N/A,N/A,N/A,-5.138,119.111,67,N/A,3893.8,12775,631.5,341,-9.75,-1920,Descending (Landing/Approach),0,N/A,N/A,N/A,N/A,FlightRadar24
2026-09-24 23:56:26,CTV217,QG217,41d0d7b0,Citilink,CTV,N/A,A20N,N/A,PK-GTG,N/A,UPG,N/A,N/A,N/A,CGK,N/A,N/A,N/A,-5.003,119.244,277,N/A,3238.5,10625,559.3,302,5.53,1088,Climbing (Takeoff),0,N/A,N/A,N/A,N/A,FlightRadar24
2026-09-25 00:00:58,UAE75T,EK435,41cfa667,Emirates,UAE,N/A,A388,N/A,A6-EUJ,N/A,BNE,N/A,N/A,N/A,DXB,N/A,N/A,N/A,-4.413,115.083,297,N/A,10972.8,36000,935.3,505,0.0,0,Cruising,0,N/A,N/A,N/A,N/A,FlightRadar24
2026-09-25 00:00:58,CXA892,MF892,41d0cb26,XiamenAir,CXA,N/A,B38M,N/A,B-20DY,N/A,DPS,N/A,N/A,N/A,XMN,N/A,N/A,N/A,-5.433,115.148,3,N/A,10668.0,35000,792.7,428,0.0,0,Cruising,0,N/A,N/A,N/A,N/A,FlightRadar24
2026-09-25 00:00:58,SIA285,SQ285,41d079ff,Singapore Airlines,SIA,N/A,B77W,N/A,9V-SWM,N/A,SIN,N/A,N/A,N/A,AKL,N/A,N/A,N/A,-4.946,116.162,117,N/A,9448.8,31000,916.7,495,0.0,0,Cruising,0,N/A,N/A,N/A,N/A,FlightRadar24
2026-09-25 00:00:58,SJY598,SJ598,41d096e9,Sriwijaya Air,SJY,N/A,B735,N/A,PK-CLF,N/A,CGK,N/A,N/A,N/A,UPG,N/A,N/A,N/A,-5.608,116.392,80,N/A,10058.4,33000,805.6,435,0.0,0,Cruising,0,N/A,N/A,N/A,N/A,FlightRadar24
2026-09-25 00:00:58,KAL432,KE432,41d0bd19,Korean Air,KAL,N/A,B789,N/A,HL8085,N/A,DPS,N/A,N/A,N/A,ICN,N/A,N/A,N/A,-3.909,117.285,25,N/A,11887.2,39000,863.0,466,0.0,0,Cruising,0,N/A,N/A,N/A,N/A,FlightRadar24
2026-09-25 00:00:58,CTV217,QG217,41d0d7b0,Citilink,CTV,N/A,A20N,N/A,PK-GTG,N/A,UPG,N/A,N/A,N/A,CGK,N/A,N/A,N/A,-4.943,118.789,277,N/A,5715.0,18750,737.1,398,10.73,2112,Climbing (Takeoff),0,N/A,N/A,N/A,N/A,FlightRadar24
2026-09-25 00:00:58,LNI984,JT984,41d080e2,Lion Air,N/A,N/A,B738,N/A,PK-LKV,N/A,CGK,N/A,N/A,N/A,UPG,N/A,N/A,N/A,-4.848,119.275,2,N/A,1729.7,5675,483.4,261,-4.23,-832,Descending (Landing/Approach),0,N/A,N/A,N/A,N/A,FlightRadar24
2026-09-25 00:00:58,ANG393,PX393,41d06796,Other Airline,ANG,N/A,B763,N/A,P2-PXW,N/A,SIN,N/A,N/A,N/A,POM,N/A,N/A,N/A,-4.413,119.534,100,N/A,10058.4,33000,879.7,475,0.0,0,Cruising,0,N/A,N/A,N/A,N/A,FlightRadar24
2026-09-25 00:07:26,UAE75T,EK435,41cfa667,Emirates,UAE,N/A,A388,N/A,A6-EUJ,N/A,BNE,N/A,N/A,N/A,DXB,N/A,N/A,N/A,-4.011,114.273,296,N/A,10972.8,36000,935.3,505,0.0,0,Cruising,0,N/A,N/A,N/A,N/A,FlightRadar24
2026-09-25 00:07:26,CXA892,MF892,41d0cb26,XiamenAir,CXA,N/A,B38M,N/A,B-20DY,N/A,DPS,N/A,N/A,N/A,XMN,N/A,N/A,N/A,-4.655,115.2,3,N/A,10668.0,35000,807.5,436,0.0,0,Cruising,0,N/A,N/A,N/A,N/A,FlightRadar24
2026-09-25 00:07:26,KAL432,KE432,41d0bd19,Korean Air,KAL,N/A,B789,N/A,HL8085,N/A,DPS,N/A,N/A,N/A,ICN,N/A,N/A,N/A,-3.124,117.627,23,N/A,11879.6,38975,864.9,467,0.0,0,Cruising,0,N/A,N/A,N/A,N/A,FlightRadar24
2026-09-25 00:07:26,CTV217,QG217,41d0d7b0,Citilink,CTV,N/A,A20N,N/A,PK-GTG,N/A,UPG,N/A,N/A,N/A,CGK,N/A,N/A,N/A,-5.064,118.02,262,N/A,8282.9,27175,863.0,466,5.53,1088,Climbing (Takeoff),0,N/A,N/A,N/A,N/A,FlightRadar24
2026-09-25 00:07:26,LNI984,JT984,41d080e2,Lion Air,N/A,N/A,B738,N/A,PK-LKV,N/A,CGK,N/A,N/A,N/A,UPG,N/A,N/A,N/A,-5.003,119.486,130,N/A,449.6,1475,283.4,153,-4.88,-960,Descending (Landing/Approach),0,N/A,N/A,N/A,N/A,FlightRadar24
2026-09-25 00:07:26,ANG393,PX393,41d06796,Other Airline,ANG,N/A,B763,N/A,P2-PXW,N/A,SIN,N/A,N/A,N/A,POM,N/A,N/A,N/A,-4.568,120.376,100,N/A,10058.4,33000,879.7,475,0.0,0,Cruising,0,N/A,N/A,N/A,N/A,FlightRadar24
2026-09-25 00:14:21,UAE75T,EK435,41cfa667,Emirates,UAE,N/A,A388,N/A,A6-EUJ,N/A,BNE,N/A,N/A,N/A,DXB,N/A,N/A,N/A,-3.583,113.405,296,N/A,10972.8,36000,940.8,508,0.0,0,Cruising,0,N/A,N/A,N/A,N/A,FlightRadar24
2026-09-25 00:14:21,CXA892,MF892,41d0cb26,XiamenAir,CXA,N/A,B38M,N/A,B-20DY,N/A,DPS,N/A,N/A,N/A,XMN,N/A,N/A,N/A,-3.815,115.257,3,N/A,10668.0,35000,807.5,436,-0.33,-64,Cruising,0,N/A,N/A,N/A,N/A,FlightRadar24
2026-09-25 00:14:21,GIA880,GA880,41d0cf78,Garuda Indonesia,GIA,N/A,A333,N/A,PK-GPT,N/A,DPS,N/A,N/A,N/A,NRT,N/A,N/A,N/A,-5.17,116.701,26,N/A,11277.6,37000,853.8,461,0.0,0,Cruising,0,N/A,N/A,N/A,N/A,FlightRadar24
2026-09-25 00:14:21,CTV217,QG217,41d0d7b0,Citilink,CTV,N/A,A20N,N/A,PK-GTG,N/A,UPG,N/A,N/A,N/A,CGK,N/A,N/A,N/A,-5.18,117.133,262,N/A,9959.3,32675,868.6,469,0.0,0,Cruising,0,N/A,N/A,N/A,N/A,FlightRadar24
2026-09-25 00:14:21,KAL432,KE432,41d0bd19,Korean Air,KAL,N/A,B789,N/A,HL8085,N/A,DPS,N/A,N/A,N/A,ICN,N/A,N/A,N/A,-2.296,117.989,23,N/A,11887.2,39000,872.3,471,0.0,0,Cruising,0,N/A,N/A,N/A,N/A,FlightRadar24
2026-09-25 00:14:21,SJY598,SJ598,41d096e9,Sriwijaya Air,SJY,N/A,B735,N/A,PK-CLF,N/A,CGK,N/A,N/A,N/A,UPG,N/A,N/A,N/A,-5.291,118.013,73,N/A,9281.2,30450,796.4,430,-17.23,-3392,Descending (Landing/Approach),0,N/A,N/A,N/A,N/A,FlightRadar24
2026-09-25 00:14:21,LNI984,JT984,41d080e2,Lion Air,N/A,N/A,B738,N/A,PK-LKV,N/A,CGK,N/A,N/A,N/A,UPG,N/A,N/A,N/A,-5.068,119.556,210,N/A,0.0,0,24.1,13,0.0,0,On Taxiway/Runway,1,N/A,N/A,N/A,N/A,FlightRadar24
2026-09-25 00:14:21,ANG393,PX393,41d06796,Other Airline,ANG,N/A,B763,N/A,P2-PXW,N/A,SIN,N/A,N/A,N/A,POM,N/A,N/A,N/A,-4.732,121.264,100,N/A,10066.0,33025,876.0,473,0.0,0,Cruising,0,N/A,N/A,N/A,N/A,FlightRadar24
