Timestamp,City,Latitude,Longitude,OW_US_AQI_Calc,OW_AQI_Status,OW_AQI_Index,PM25_Conc,PM10_Conc,CO_Conc,NO2_Conc,O3_Conc,SO2_Conc,NH3_Conc,NO_Conc,AQICN_Station_AQI,AQICN_Station_Status,AQICN_Station_Name,AQICN_Dominant_Pollutant
2026-09-23 09:52:09,Pekanbaru,0.5071,101.4478,80,Sedang,3,25.95,30.93,1089.62,11.16,9.81,1.79,3.56,2.45,128,Tidak Sehat bagi Kelompok Sensitif,"Pekanbaru, Indonesia",pm25
2026-09-23 10:57:04,Pekanbaru,0.5071,101.4478,38,Baik,2,9.18,10.12,442.86,2.64,64.43,1.63,0.56,0.16,146,Tidak Sehat bagi Kelompok Sensitif,"Pekanbaru, Indonesia",pm25
2026-09-23 11:45:50,Pekanbaru,0.5071,101.4478,24,Baik,2,5.71,6.27,343.7,1.46,65.64,1.22,0.57,0.12,90,Sedang,"Pekanbaru, Indonesia",pm25
2026-09-23 12:00:40,Pekanbaru,0.5071,101.4478,24,Baik,2,5.71,6.27,343.7,1.46,65.64,1.22,0.57,0.12,90,Sedang,"Pekanbaru, Indonesia",pm25
2026-09-23 12:30:31,Pekanbaru,0.5071,101.4478,21,Baik,2,5.02,5.52,324.95,1.24,66.61,1.12,0.69,0.13,119,Tidak Sehat bagi Kelompok Sensitif,"Pekanbaru, Indonesia",pm25
2026-09-23 13:00:37,Pekanbaru,0.5071,101.4478,21,Baik,2,5.02,5.52,324.95,1.24,66.61,1.12,0.69,0.13,119,Tidak Sehat bagi Kelompok Sensitif,"Pekanbaru, Indonesia",pm25
2026-09-23 14:00:38,Pekanbaru,0.5071,101.4478,25,Baik,2,5.9,6.69,345.82,1.82,65.49,1.26,1.4,0.22,86,Sedang,"Pekanbaru, Indonesia",pm25
2026-09-23 15:00:37,Pekanbaru,0.5071,101.4478,33,Baik,2,7.83,9.11,385.29,2.69,61.38,1.46,2.25,0.32,80,Sedang,"Pekanbaru, Indonesia",pm25
2026-09-23 16:00:37,Pekanbaru,0.5071,101.4478,41,Baik,1,9.75,11.48,427.05,3.62,56.38,1.63,2.64,0.39,97,Sedang,"Pekanbaru, Indonesia",pm25
2026-09-23 16:16:12,Pekanbaru,0.5071,101.4478,41,Baik,1,9.75,11.48,427.05,3.62,56.38,1.63,2.64,0.39,97,Sedang,"Pekanbaru, Indonesia",pm25
2026-09-23 17:00:38,Pekanbaru,0.5071,101.4478,51,Sedang,2,12.11,14.71,517.6,7.16,50.35,2.46,4.95,0.59,94,Sedang,"Pekanbaru, Indonesia",pm25
2026-09-23 18:00:42,Pekanbaru,0.5071,101.4478,57,Sedang,2,15.18,19.2,671.5,14.57,45.67,4.09,9.61,0.33,95,Sedang,"Pekanbaru, Indonesia",pm25
2026-09-23 19:00:38,Pekanbaru,0.5071,101.4478,65,Sedang,2,18.75,24.43,811.87,20.63,38.25,5.39,13.93,0,143,Tidak Sehat bagi Kelompok Sensitif,"Pekanbaru, Indonesia",pm25
2026-09-23 20:00:42,Pekanbaru,0.5071,101.4478,73,Sedang,2,22.74,29.05,917.87,24.3,32.63,6.33,18.46,0,202,Sangat Tidak Sehat,"Pekanbaru, Indonesia",pm25
2026-09-23 21:11:10,Pekanbaru,0.5071,101.4478,111,Tidak Sehat bagi Kelompok Sensitif,3,39.53,46.27,995.8,19.99,60.59,6.44,19.9,0,140,Tidak Sehat bagi Kelompok Sensitif,"Pekanbaru, Indonesia",pm25
2026-09-23 21:24:52,Pekanbaru,0.5071,101.4478,111,Tidak Sehat bagi Kelompok Sensitif,3,39.53,46.27,995.8,19.99,60.59,6.44,19.9,0,140,Tidak Sehat bagi Kelompok Sensitif,"Pekanbaru, Indonesia",pm25
2026-09-23 22:00:41,Pekanbaru,0.5071,101.4478,122,Tidak Sehat bagi Kelompok Sensitif,3,43.88,51.26,1026.01,20.07,53.32,6.58,22.35,0,65,Sedang,"Pekanbaru, Indonesia",pm25
2026-09-23 23:00:41,Pekanbaru,0.5071,101.4478,131,Tidak Sehat bagi Kelompok Sensitif,3,47.65,54.32,1063.92,20.77,48.52,6.64,24.01,0,84,Sedang,"Pekanbaru, Indonesia",pm25
2026-09-24 01:00:41,Pekanbaru,0.5071,101.4478,145,Tidak Sehat bagi Kelompok Sensitif,4,53.44,57.34,1118.1,21.21,44.37,6.24,25.89,0,77,Sedang,"Pekanbaru, Indonesia",pm25
2026-09-24 03:00:39,Pekanbaru,0.5071,101.4478,136,Tidak Sehat bagi Kelompok Sensitif,3,49.91,52.49,1114.39,19.53,41.75,5.21,27.23,0,19,Baik,"Pekanbaru, Indonesia",pm25
2026-09-24 04:00:41,Pekanbaru,0.5071,101.4478,130,Tidak Sehat bagi Kelompok Sensitif,3,47.17,49.38,1093.97,18.48,40.87,4.74,27.31,0,5,Baik,"Pekanbaru, Indonesia",pm25
2026-09-24 07:07:12,Pekanbaru,0.5071,101.4478,104,Tidak Sehat bagi Kelompok Sensitif,3,36.89,39.14,896.07,10.34,25.27,2.11,8.97,0.04,33,Baik,"Pekanbaru, Indonesia",pm25
2026-09-24 07:25:14,Pekanbaru,0.5071,101.4478,104,Tidak Sehat bagi Kelompok Sensitif,3,36.89,39.14,896.07,10.34,25.27,2.11,8.97,0.04,33,Baik,"Pekanbaru, Indonesia",pm25
2026-09-24 08:05:24,Pekanbaru,0.5071,101.4478,100,Sedang,3,35.31,38.2,917.43,10.43,20.94,2.13,6.13,0.65,33,Baik,"Pekanbaru, Indonesia",pm25
2026-09-24 09:05:27,Pekanbaru,0.5071,101.4478,87,Sedang,3,29.39,32.82,920.36,8.92,25.26,2.05,5.08,1.71,33,Baik,"Pekanbaru, Indonesia",pm25
2026-09-24 10:05:26,Pekanbaru,0.5071,101.4478,85,Sedang,3,28.33,31.74,866.05,6.95,42.57,1.81,3.88,1.48,33,Baik,"Pekanbaru, Indonesia",pm25
2026-09-24 11:05:26,Pekanbaru,0.5071,101.4478,47,Baik,2,11.24,12.08,402,1.65,74.58,1.43,0.75,0.21,60,Sedang,"Pekanbaru, Indonesia",pm25
2026-09-24 12:05:28,Pekanbaru,0.5071,101.4478,29,Baik,2,6.89,7.4,332.66,1.11,73.46,1.11,0.65,0.1,39,Baik,"Pekanbaru, Indonesia",pm25
2026-09-24 13:05:33,Pekanbaru,0.5071,101.4478,24,Baik,2,5.88,6.33,325.44,1.27,71.9,1.07,0.73,0.06,30,Baik,"Pekanbaru, Indonesia",pm25
2026-09-24 14:05:31,Pekanbaru,0.5071,101.4478,24,Baik,2,5.76,6.26,335.28,1.65,69.68,1.19,0.96,0.1,60,Sedang,"Pekanbaru, Indonesia",pm25
2026-09-24 14:42:15,Pekanbaru,0.5071,101.4478,28,Baik,2,6.7,7.39,353.09,1.96,66.77,1.37,1.27,0.19,64,Sedang,"Pekanbaru, Indonesia",pm25
2026-09-24 15:05:27,Pekanbaru,0.5071,101.4478,28,Baik,2,6.7,7.39,353.09,1.96,66.77,1.37,1.27,0.19,64,Sedang,"Pekanbaru, Indonesia",pm25
2026-09-24 16:06:02,Pekanbaru,0.5071,101.4478,33,Baik,2,7.94,8.81,371.98,2.23,65.81,1.54,1.47,0.27,59,Sedang,"Pekanbaru, Indonesia",pm25
2026-09-24 17:05:29,Pekanbaru,0.5071,101.4478,42,Baik,2,10.02,11.56,440.86,4.38,52.13,1.76,2.23,0.48,51,Sedang,"Pekanbaru, Indonesia",pm25
2026-09-24 18:05:28,Pekanbaru,0.5071,101.4478,52,Sedang,2,12.65,15.4,560.13,8.65,32.85,2.13,3.33,0.25,72,Sedang,"Pekanbaru, Indonesia",pm25
2026-09-24 19:05:28,Pekanbaru,0.5071,101.4478,57,Sedang,2,15.12,18.83,651.42,11.17,21.83,2.41,4.65,0.02,59,Sedang,"Pekanbaru, Indonesia",pm25
2026-09-24 20:05:25,Pekanbaru,0.5071,101.4478,62,Sedang,2,17.19,20.94,702.31,11.85,16.67,2.48,5.59,0.04,84,Sedang,"Pekanbaru, Indonesia",pm25
2026-09-24 21:05:29,Pekanbaru,0.5071,101.4478,91,Sedang,3,31.29,36.56,1151.45,28.61,25.91,6.62,20.99,0,90,Sedang,"Pekanbaru, Indonesia",pm25
2026-09-24 22:05:31,Pekanbaru,0.5071,101.4478,93,Sedang,3,32.03,37.41,1198.02,29.7,23.08,6.61,23.12,0,75,Sedang,"Pekanbaru, Indonesia",pm25
2026-09-24 23:05:31,Pekanbaru,0.5071,101.4478,93,Sedang,3,32.2,37.21,1227.91,30.47,20.19,6.42,24.54,0,75,Sedang,"Pekanbaru, Indonesia",pm25
2026-09-25 00:05:44,Pekanbaru,0.5071,101.4478,92,Sedang,3,31.44,35.24,1224.6,30.17,17.67,5.98,25.42,0.01,73,Sedang,"Pekanbaru, Indonesia",pm25
2026-09-25 01:05:32,Pekanbaru,0.5071,101.4478,89,Sedang,3,29.99,32.62,1180.17,27.13,15.26,5.07,24.03,0.01,73,Sedang,"Pekanbaru, Indonesia",pm25
2026-09-25 02:05:28,Pekanbaru,0.5071,101.4478,86,Sedang,3,28.78,30.6,1114.67,18.69,9.92,2.7,10.77,0.03,73,Sedang,"Pekanbaru, Indonesia",pm25
2026-09-25 03:05:58,Pekanbaru,0.5071,101.4478,84,Sedang,3,27.89,29.23,1056.97,13.2,6.93,1.54,5.54,0.06,89,Sedang,"Pekanbaru, Indonesia",pm25
2026-09-25 04:05:26,Pekanbaru,0.5071,101.4478,82,Sedang,3,26.76,27.77,1003.39,10,5.67,1.06,3.95,0.09,72,Sedang,"Pekanbaru, Indonesia",pm25
2026-09-25 05:05:29,Pekanbaru,0.5071,101.4478,81,Sedang,3,26.19,27.03,952.13,7.97,4.79,0.85,3.21,0.12,68,Sedang,"Pekanbaru, Indonesia",pm25
2026-09-25 06:05:29,Pekanbaru,0.5071,101.4478,81,Sedang,3,26.16,27.07,919.61,7.08,4.22,0.81,2.97,0.18,68,Sedang,"Pekanbaru, Indonesia",pm25
2026-09-25 07:05:26,Pekanbaru,0.5071,101.4478,82,Sedang,3,26.92,28.38,919.99,7.48,4.16,1.05,2.95,0.43,67,Sedang,"Pekanbaru, Indonesia",pm25
2026-09-25 08:05:28,Pekanbaru,0.5071,101.4478,78,Sedang,3,25.08,27.09,908.38,8.34,6.84,1.45,2.9,0.94,59,Sedang,"Pekanbaru, Indonesia",pm25
2026-09-25 09:05:28,Pekanbaru,0.5071,101.4478,73,Sedang,2,22.69,25.35,884.87,8.12,11.11,1.62,2.53,1.54,89,Sedang,"Pekanbaru, Indonesia",pm25
2026-09-25 10:05:27,Pekanbaru,0.5071,101.4478,72,Sedang,2,21.99,24.86,832.92,7.26,20.84,1.59,2.31,1.39,109,Tidak Sehat bagi Kelompok Sensitif,"Pekanbaru, Indonesia",pm25
2026-09-25 11:05:30,Pekanbaru,0.5071,101.4478,40,Baik,1,9.56,10.58,416.81,2.45,53.81,1.51,0.81,0.31,66,Sedang,"Pekanbaru, Indonesia",pm25
2026-09-25 12:05:27,Pekanbaru,0.5071,101.4478,28,Baik,1,6.65,7.3,313.67,1.25,59.63,1.33,0.78,0.19,75,Sedang,"Pekanbaru, Indonesia",pm25
2026-09-25 13:05:25,Pekanbaru,0.5071,101.4478,27,Baik,2,6.38,6.91,282.98,0.89,63.01,1.25,0.81,0.16,68,Sedang,"Pekanbaru, Indonesia",pm25
2026-09-25 14:05:28,Pekanbaru,0.5071,101.4478,31,Baik,2,7.38,7.97,279.92,0.89,67.1,1.38,0.94,0.16,52,Sedang,"Pekanbaru, Indonesia",pm25
2026-09-25 15:05:30,Pekanbaru,0.5071,101.4478,39,Baik,2,9.4,10.15,294.32,1.11,69.79,1.57,1.25,0.18,62,Sedang,"Pekanbaru, Indonesia",pm25
2026-09-25 16:05:30,Pekanbaru,0.5071,101.4478,46,Baik,2,10.95,11.84,308.85,1.44,69.66,1.71,1.4,0.2,64,Sedang,"Pekanbaru, Indonesia",pm25
2026-09-25 17:05:28,Pekanbaru,0.5071,101.4478,53,Sedang,2,13.01,14.67,389.2,4.66,55.56,2.17,3.11,0.47,66,Sedang,"Pekanbaru, Indonesia",pm25
2026-09-25 18:05:29,Pekanbaru,0.5071,101.4478,59,Sedang,2,15.88,18.9,540.68,11.89,46.24,3.63,7.36,0.25,73,Sedang,"Pekanbaru, Indonesia",pm25
2026-09-25 19:05:30,Pekanbaru,0.5071,101.4478,66,Sedang,2,19.22,23.69,680.3,18.09,39.29,4.98,11.78,0,68,Sedang,"Pekanbaru, Indonesia",pm25
2026-09-25 20:05:28,Pekanbaru,0.5071,101.4478,74,Sedang,2,23.11,28.07,788,21.86,34.65,5.83,15.57,0,102,Tidak Sehat bagi Kelompok Sensitif,"Pekanbaru, Indonesia",pm25
2026-09-25 21:05:26,Pekanbaru,0.5071,101.4478,74,Sedang,2,23.09,27.81,807.91,14.05,22.41,2.85,6.59,0.01,163,Tidak Sehat,"Pekanbaru, Indonesia",pm25
2026-09-25 22:05:31,Pekanbaru,0.5071,101.4478,77,Sedang,2,24.37,29.53,836.09,13.71,15.24,2.75,7.83,0.03,167,Tidak Sehat,"Pekanbaru, Indonesia",pm25
2026-09-25 23:05:27,Pekanbaru,0.5071,101.4478,80,Sedang,3,25.97,31.27,863.65,15.47,11.98,3.25,11.24,0.06,163,Tidak Sehat,"Pekanbaru, Indonesia",pm25
2026-09-26 00:05:28,Pekanbaru,0.5071,101.4478,83,Sedang,3,27.45,32.02,892.58,17.79,11.1,3.71,14.87,0.06,162,Tidak Sehat,"Pekanbaru, Indonesia",pm25
2026-09-26 01:05:30,Pekanbaru,0.5071,101.4478,84,Sedang,3,27.94,31.8,890.67,18.48,11.3,3.71,17.29,0.03,162,Tidak Sehat,"Pekanbaru, Indonesia",pm25
2026-09-26 02:05:27,Pekanbaru,0.5071,101.4478,85,Sedang,3,28.35,31.73,884.63,18.69,11.57,3.71,20.3,0.02,162,Tidak Sehat,"Pekanbaru, Indonesia",pm25
2026-09-26 03:05:34,Pekanbaru,0.5071,101.4478,86,Sedang,3,28.93,31.96,880.65,18.91,11.46,3.78,23.58,0.02,162,Tidak Sehat,"Pekanbaru, Indonesia",pm25
2026-09-26 04:05:29,Pekanbaru,0.5071,101.4478,87,Sedang,3,29.05,31.7,858.14,18.49,11.14,3.72,25.85,0.02,160,Tidak Sehat,"Pekanbaru, Indonesia",pm25
2026-09-26 05:05:28,Pekanbaru,0.5071,101.4478,82,Sedang,3,26.71,28.86,805,15.91,9.46,3.03,22.66,0.04,88,Sedang,"Pekanbaru, Indonesia",pm25
2026-09-26 06:05:31,Pekanbaru,0.5071,101.4478,76,Sedang,2,23.99,25.85,770.59,13.86,7.51,2.45,18.84,0.09,82,Sedang,"Pekanbaru, Indonesia",pm25
2026-09-26 07:05:26,Pekanbaru,0.5071,101.4478,73,Sedang,2,22.77,24.96,783.55,13.34,5.34,2.34,16.27,0.36,19,Baik,"Pekanbaru, Indonesia",pm25
2026-09-26 08:05:30,Pekanbaru,0.5071,101.4478,71,Sedang,2,21.43,24.1,799.03,11.6,5.67,2.33,11.41,1.63,70,Sedang,"Pekanbaru, Indonesia",pm25
2026-09-26 09:05:24,Pekanbaru,0.5071,101.4478,64,Sedang,2,18.29,21.26,755.32,8.59,10.2,1.89,5.69,2.53,68,Sedang,"Pekanbaru, Indonesia",pm25
2026-09-26 10:05:24,Pekanbaru,0.5071,101.4478,58,Sedang,2,15.52,17.98,640.29,6.34,21.42,1.45,3.37,1.7,44,Baik,"Pekanbaru, Indonesia",pm25
2026-09-26 11:06:03,Pekanbaru,0.5071,101.4478,31,Baik,1,7.37,8.17,402.49,2.33,56.77,1.12,1.39,0.27,54,Sedang,"Pekanbaru, Indonesia",pm25
2026-09-26 12:05:27,Pekanbaru,0.5071,101.4478,25,Baik,2,5.91,6.51,366.32,1.66,62.41,1.12,1.16,0.12,51,Sedang,"Pekanbaru, Indonesia",pm25
2026-09-26 13:05:32,Pekanbaru,0.5071,101.4478,23,Baik,2,5.41,5.92,360.74,1.7,62.58,1.15,1.15,0.06,51,Sedang,"Pekanbaru, Indonesia",pm25
2026-09-26 14:05:29,Pekanbaru,0.5071,101.4478,26,Baik,1,6.28,7.25,397.06,2.99,50.34,1.22,1.98,0.11,230,Sangat Tidak Sehat,"Pekanbaru, Indonesia",pm25
2026-09-26 15:05:24,Pekanbaru,0.5071,101.4478,36,Baik,1,8.54,10.32,466.59,4.69,33.37,1.34,2.85,0.27,230,Sangat Tidak Sehat,"Pekanbaru, Indonesia",pm25
2026-09-26 16:05:31,Pekanbaru,0.5071,101.4478,46,Baik,2,10.99,13.45,537.67,6.72,30.11,1.9,4.91,0.54,164,Tidak Sehat,"Pekanbaru, Indonesia",pm25
2026-09-26 17:05:30,Pekanbaru,0.5071,101.4478,54,Sedang,2,13.72,16.72,622.86,10.75,36.54,3.09,8.62,0.78,112,Tidak Sehat bagi Kelompok Sensitif,"Pekanbaru, Indonesia",pm25
2026-09-26 18:05:28,Pekanbaru,0.5071,101.4478,60,Sedang,2,16.48,19.88,705.61,15.7,36.71,4.06,11.33,0.18,107,Tidak Sehat bagi Kelompok Sensitif,"Pekanbaru, Indonesia",pm25
2026-09-26 19:05:28,Pekanbaru,0.5071,101.4478,67,Sedang,2,19.74,23.27,755.83,18.19,34.68,4.56,13.06,0,157,Tidak Sehat,"Pekanbaru, Indonesia",pm25
2026-09-26 20:05:29,Pekanbaru,0.5071,101.4478,73,Sedang,2,22.47,26.24,779.47,18.75,31.76,4.76,15.06,0,148,Tidak Sehat bagi Kelompok Sensitif,"Pekanbaru, Indonesia",pm25
2026-09-26 21:06:05,Pekanbaru,0.5071,101.4478,42,Baik,2,10.02,13.01,597.66,8.01,13.29,1.27,2.98,0.04,97,Sedang,"Pekanbaru, Indonesia",pm25
2026-09-26 22:05:27,Pekanbaru,0.5071,101.4478,49,Baik,2,11.79,15.1,627.16,7.76,8.76,1.19,3.42,0.1,117,Tidak Sehat bagi Kelompok Sensitif,"Pekanbaru, Indonesia",pm25
2026-09-26 23:05:34,Pekanbaru,0.5071,101.4478,53,Sedang,2,13.06,16.17,646.41,7.53,6.01,1.17,3.83,0.2,39,Baik,"Pekanbaru, Indonesia",pm25
2026-09-27 00:05:30,Pekanbaru,0.5071,101.4478,54,Sedang,2,13.59,16.05,647.13,7.2,4.95,1.11,4.17,0.22,70,Sedang,"Pekanbaru, Indonesia",pm25
2026-09-27 01:05:28,Pekanbaru,0.5071,101.4478,55,Sedang,2,13.77,15.68,633.41,6.71,4.84,1.05,4.72,0.17,70,Sedang,"Pekanbaru, Indonesia",pm25
2026-09-27 02:05:32,Pekanbaru,0.5071,101.4478,55,Sedang,2,13.81,15.42,617.32,6.81,5.34,1.15,6.44,0.13,70,Sedang,"Pekanbaru, Indonesia",pm25
2026-09-27 03:05:26,Pekanbaru,0.5071,101.4478,55,Sedang,2,14.16,15.71,617.48,7.79,5.59,1.42,9.36,0.12,78,Sedang,"Pekanbaru, Indonesia",pm25
2026-09-27 04:05:29,Pekanbaru,0.5071,101.4478,56,Sedang,2,14.65,16.16,630.03,8.8,5.51,1.66,12.03,0.12,106,Tidak Sehat bagi Kelompok Sensitif,"Pekanbaru, Indonesia",pm25
2026-09-27 05:05:30,Pekanbaru,0.5071,101.4478,58,Sedang,2,15.36,16.93,646.71,9.87,5.45,1.93,15.21,0.13,117,Tidak Sehat bagi Kelompok Sensitif,"Pekanbaru, Indonesia",pm25
2026-09-27 06:05:28,Pekanbaru,0.5071,101.4478,60,Sedang,2,16.39,18.17,667.51,11.06,5.65,2.26,18.55,0.16,148,Tidak Sehat bagi Kelompok Sensitif,"Pekanbaru, Indonesia",pm25
2026-09-27 07:05:31,Pekanbaru,0.5071,101.4478,63,Sedang,2,18.02,20.55,713.12,12.52,6.31,2.9,21.41,0.7,122,Tidak Sehat bagi Kelompok Sensitif,"Pekanbaru, Indonesia",pm25
2026-09-27 08:05:28,Pekanbaru,0.5071,101.4478,66,Sedang,2,19.37,23,775.6,12.34,11.27,3.82,22.78,3.07,62,Sedang,"Pekanbaru, Indonesia",pm25
2026-09-27 09:05:29,Pekanbaru,0.5071,101.4478,67,Sedang,2,19.56,23.77,784.57,12.73,18.54,4.23,21.12,3.58,126,Tidak Sehat bagi Kelompok Sensitif,"Pekanbaru, Indonesia",pm25
2026-09-27 10:05:31,Pekanbaru,0.5071,101.4478,66,Sedang,2,19.36,23.38,736.17,11.13,29.69,3.56,16.02,2.55,65,Sedang,"Pekanbaru, Indonesia",pm25
2026-09-27 11:05:27,Pekanbaru,0.5071,101.4478,46,Baik,2,11.12,12.43,413.15,3.46,62.15,1.98,3.23,0.35,78,Sedang,"Pekanbaru, Indonesia",pm25
2026-09-27 12:05:28,Pekanbaru,0.5071,101.4478,42,Baik,2,10.04,11.06,364.45,2.32,65.52,1.94,2.12,0.15,73,Sedang,"Pekanbaru, Indonesia",pm25
2026-09-27 13:05:26,Pekanbaru,0.5071,101.4478,41,Baik,2,9.87,10.85,360.55,2.19,65.18,1.96,2,0.11,50,Baik,"Pekanbaru, Indonesia",pm25
2026-09-27 14:05:29,Pekanbaru,0.5071,101.4478,44,Baik,2,10.6,11.9,395.5,3.09,53.16,1.81,2.53,0.2,67,Sedang,"Pekanbaru, Indonesia",pm25
2026-09-27 15:05:23,Pekanbaru,0.5071,101.4478,52,Sedang,2,12.68,14.69,454.54,4.02,38.53,1.61,3.13,0.53,62,Sedang,"Pekanbaru, Indonesia",pm25
2026-09-27 16:05:33,Pekanbaru,0.5071,101.4478,58,Sedang,2,15.27,17.92,516.04,4.97,36.07,1.8,4.2,0.87,53,Sedang,"Pekanbaru, Indonesia",pm25
2026-09-27 17:05:27,Pekanbaru,0.5071,101.4478,63,Sedang,2,18,21.27,591.74,8.09,41.18,2.67,7.35,0.97,70,Sedang,"Pekanbaru, Indonesia",pm25
2026-09-27 18:05:31,Pekanbaru,0.5071,101.4478,69,Sedang,2,20.55,24.59,674.44,12.37,36.68,3.38,9.66,0.37,82,Sedang,"Pekanbaru, Indonesia",pm25
2026-09-27 19:05:30,Pekanbaru,0.5071,101.4478,74,Sedang,2,22.87,27.92,737.06,14.78,28.55,3.67,11.12,0,110,Tidak Sehat bagi Kelompok Sensitif,"Pekanbaru, Indonesia",pm25
2026-09-27 20:05:26,Pekanbaru,0.5071,101.4478,78,Sedang,2,24.98,30.89,777.31,15.75,23.18,3.81,12.69,0,106,Tidak Sehat bagi Kelompok Sensitif,"Pekanbaru, Indonesia",pm25
2026-09-27 21:05:29,Pekanbaru,0.5071,101.4478,76,Sedang,2,23.82,28.54,799.31,19.52,19.76,5.08,19.45,0.01,60,Sedang,"Pekanbaru, Indonesia",pm25
2026-09-27 22:05:32,Pekanbaru,0.5071,101.4478,79,Sedang,3,25.63,30.42,814.62,18.85,17.52,4.9,20.84,0.01,88,Sedang,"Pekanbaru, Indonesia",pm25
2026-09-27 23:05:28,Pekanbaru,0.5071,101.4478,82,Sedang,3,26.96,31.67,819.39,17.7,14.78,4.49,20.86,0.02,69,Sedang,"Pekanbaru, Indonesia",pm25
2026-09-28 00:05:30,Pekanbaru,0.5071,101.4478,85,Sedang,3,28.15,32.13,825.96,18.03,14.57,4.51,23.37,0.02,56,Sedang,"Pekanbaru, Indonesia",pm25
2026-09-28 01:05:28,Pekanbaru,0.5071,101.4478,87,Sedang,3,29.42,32.49,830.47,18.3,15.46,4.55,26.27,0.01,56,Sedang,"Pekanbaru, Indonesia",pm25
2026-09-28 02:05:28,Pekanbaru,0.5071,101.4478,89,Sedang,3,30.27,32.78,822.54,17.78,16.4,4.45,28.24,0.01,56,Sedang,"Pekanbaru, Indonesia",pm25
2026-09-28 03:05:31,Pekanbaru,0.5071,101.4478,91,Sedang,3,30.94,33.13,800.1,16.2,15.96,4.03,27.78,0.01,58,Sedang,"Pekanbaru, Indonesia",pm25
2026-09-28 04:05:29,Pekanbaru,0.5071,101.4478,92,Sedang,3,31.57,33.55,773.52,13.5,13.57,3.19,22.54,0.01,79,Sedang,"Pekanbaru, Indonesia",pm25
2026-09-28 05:05:31,Pekanbaru,0.5071,101.4478,93,Sedang,3,32,33.88,746.96,10.57,10.12,2.19,14.45,0.04,104,Tidak Sehat bagi Kelompok Sensitif,"Pekanbaru, Indonesia",pm25
2026-09-28 06:05:33,Pekanbaru,0.5071,101.4478,94,Sedang,3,32.42,34.47,732.78,9.96,9.21,2.13,14.73,0.07,106,Tidak Sehat bagi Kelompok Sensitif,"Pekanbaru, Indonesia",pm25
2026-09-28 07:05:35,Pekanbaru,0.5071,101.4478,96,Sedang,3,33.63,36.61,766.09,11.74,8.93,2.82,17.83,0.33,102,Tidak Sehat bagi Kelompok Sensitif,"Pekanbaru, Indonesia",pm25
2026-09-28 08:05:28,Pekanbaru,0.5071,101.4478,96,Sedang,3,33.4,37.47,845.19,12.7,11.32,3.64,18.74,2.4,88,Sedang,"Pekanbaru, Indonesia",pm25
2026-09-28 09:05:34,Pekanbaru,0.5071,101.4478,90,Sedang,3,30.54,35.29,881.01,10.23,17,3.01,11.61,4.07,88,Sedang,"Pekanbaru, Indonesia",pm25
2026-09-28 10:06:03,Pekanbaru,0.5071,101.4478,89,Sedang,3,30.19,35.03,849.03,8.4,35.84,2.17,6.04,2.73,88,Sedang,"Pekanbaru, Indonesia",pm25
2026-09-28 11:05:31,Pekanbaru,0.5071,101.4478,53,Sedang,2,13.03,14.2,386.91,1.9,70.69,1.6,1.23,0.25,73,Sedang,"Pekanbaru, Indonesia",pm25
2026-09-28 12:05:30,Pekanbaru,0.5071,101.4478,41,Baik,2,9.77,10.6,329.1,1.44,69.44,1.47,1.14,0.12,152,Tidak Sehat,"Pekanbaru, Indonesia",pm25
2026-09-28 13:05:33,Pekanbaru,0.5071,101.4478,34,Baik,2,8.28,8.99,313.2,1.51,66.9,1.35,1.27,0.09,154,Tidak Sehat,"Pekanbaru, Indonesia",pm25
2026-09-28 14:05:30,Pekanbaru,0.5071,101.4478,31,Baik,2,7.41,8.08,306.85,1.62,65.54,1.39,1.39,0.11,170,Tidak Sehat,"Pekanbaru, Indonesia",pm25
2026-09-28 15:05:40,Pekanbaru,0.5071,101.4478,32,Baik,2,7.73,8.47,310.98,1.76,64.26,1.49,1.52,0.15,156,Tidak Sehat,"Pekanbaru, Indonesia",pm25
2026-09-28 16:05:38,Pekanbaru,0.5071,101.4478,33,Baik,2,8.02,8.83,314.11,1.88,62.75,1.51,1.51,0.18,165,Tidak Sehat,"Pekanbaru, Indonesia",pm25
2026-09-28 17:05:32,Pekanbaru,0.5071,101.4478,36,Baik,1,8.69,9.89,348.75,3.28,49.57,1.49,1.62,0.26,173,Tidak Sehat,"Pekanbaru, Indonesia",pm25
2026-09-28 18:05:30,Pekanbaru,0.5071,101.4478,42,Baik,2,10.03,11.88,419.28,5.81,32.24,1.55,1.64,0.12,166,Tidak Sehat,"Pekanbaru, Indonesia",pm25
2026-09-28 19:05:39,Pekanbaru,0.5071,101.4478,49,Baik,2,11.75,14.19,487.19,7.49,20.56,1.55,1.63,0.01,168,Tidak Sehat,"Pekanbaru, Indonesia",pm25
2026-09-28 20:05:29,Pekanbaru,0.5071,101.4478,55,Sedang,2,13.83,16.86,551.89,8.32,11.51,1.45,2.17,0.09,168,Tidak Sehat,"Pekanbaru, Indonesia",pm25
2026-09-28 21:06:07,Pekanbaru,0.5071,101.4478,73,Sedang,2,22.64,28.15,777.42,20.06,27.8,5.31,18.84,0,204,Sangat Tidak Sehat,"Pekanbaru, Indonesia",pm25
2026-09-28 22:05:32,Pekanbaru,0.5071,101.4478,80,Sedang,3,25.84,31.82,838.03,21.93,26.79,5.85,22.99,0,188,Tidak Sehat,"Pekanbaru, Indonesia",pm25
2026-09-28 23:05:53,Pekanbaru,0.5071,101.4478,85,Sedang,3,28.15,33.71,878.23,23.12,25.12,5.95,24.82,0,178,Tidak Sehat,"Pekanbaru, Indonesia",pm25
2026-09-29 00:05:31,Pekanbaru,0.5071,101.4478,87,Sedang,3,29.41,33.55,875.27,22.31,23.22,5.37,23.68,0,192,Tidak Sehat,"Pekanbaru, Indonesia",pm25
2026-09-29 01:05:35,Pekanbaru,0.5071,101.4478,88,Sedang,3,29.62,32.36,841.38,18.58,20.33,4.04,18.62,0,192,Tidak Sehat,"Pekanbaru, Indonesia",pm25
2026-09-29 02:05:30,Pekanbaru,0.5071,101.4478,85,Sedang,3,28.3,30.12,780.16,12.85,15.59,2.23,9.11,0.01,192,Tidak Sehat,"Pekanbaru, Indonesia",pm25
2026-09-29 03:05:33,Pekanbaru,0.5071,101.4478,83,Sedang,3,27.3,28.76,745.34,9.73,11.56,1.46,6.27,0.03,179,Tidak Sehat,"Pekanbaru, Indonesia",pm25
2026-09-29 04:05:28,Pekanbaru,0.5071,101.4478,81,Sedang,3,26.49,27.76,720.82,7.87,8.52,1.13,5.51,0.05,187,Tidak Sehat,"Pekanbaru, Indonesia",pm25
2026-09-29 05:05:32,Pekanbaru,0.5071,101.4478,81,Sedang,3,26.15,27.42,698.19,7.58,7.14,1.21,7.55,0.08,167,Tidak Sehat,"Pekanbaru, Indonesia",pm25
2026-09-29 06:05:28,Pekanbaru,0.5071,101.4478,82,Sedang,3,26.64,28.15,704.31,9.07,7.28,1.72,11.87,0.11,182,Tidak Sehat,"Pekanbaru, Indonesia",pm25
2026-09-29 07:05:31,Pekanbaru,0.5071,101.4478,85,Sedang,3,28.07,30.6,759.99,11.93,6.53,2.64,16.1,0.39,173,Tidak Sehat,"Pekanbaru, Indonesia",pm25
2026-09-29 08:05:32,Pekanbaru,0.5071,101.4478,87,Sedang,3,29.14,33.21,851.54,13.71,7.82,3.94,19.29,2.49,167,Tidak Sehat,"Pekanbaru, Indonesia",pm25
2026-09-29 09:05:30,Pekanbaru,0.5071,101.4478,87,Sedang,3,29.34,34.47,889.98,12.69,16.79,4.56,19.34,4.64,190,Tidak Sehat,"Pekanbaru, Indonesia",pm25
2026-09-29 10:05:29,Pekanbaru,0.5071,101.4478,87,Sedang,3,29.41,34.27,858.49,10.6,35.23,3.67,13.53,3.58,186,Tidak Sehat,"Pekanbaru, Indonesia",pm25
2026-09-29 11:05:31,Pekanbaru,0.5071,101.4478,29,Baik,2,6.94,7.61,340.14,1.37,89.08,1.07,1.26,0.18,176,Tidak Sehat,"Pekanbaru, Indonesia",pm25
2026-09-29 12:05:29,Pekanbaru,0.5071,101.4478,23,Baik,2,5.44,5.81,299.5,0.83,96.49,0.73,0.78,0.08,167,Tidak Sehat,"Pekanbaru, Indonesia",pm25
2026-09-29 13:05:32,Pekanbaru,0.5071,101.4478,21,Baik,2,5.06,5.35,285.49,0.86,97.97,0.61,0.7,0.07,173,Tidak Sehat,"Pekanbaru, Indonesia",pm25
2026-09-29 14:05:31,Pekanbaru,0.5071,101.4478,19,Baik,2,4.54,4.81,273.68,0.98,97.96,0.56,0.69,0.06,173,Tidak Sehat,"Pekanbaru, Indonesia",pm25
2026-09-29 15:05:31,Pekanbaru,0.5071,101.4478,17,Baik,2,4.04,4.31,263.03,1.19,95.38,0.61,0.78,0.06,164,Tidak Sehat,"Pekanbaru, Indonesia",pm25
2026-09-29 16:05:32,Pekanbaru,0.5071,101.4478,15,Baik,2,3.48,3.77,251.92,1.45,91.09,0.66,0.87,0.04,176,Tidak Sehat,"Pekanbaru, Indonesia",pm25
2026-09-29 17:05:29,Pekanbaru,0.5071,101.4478,18,Baik,2,4.28,5.35,317.17,4.54,67.32,1.14,2.2,0.08,176,Tidak Sehat,"Pekanbaru, Indonesia",pm25
2026-09-29 18:05:37,Pekanbaru,0.5071,101.4478,27,Baik,1,6.39,8.92,443.65,8.97,40.48,1.77,3.43,0.04,179,Tidak Sehat,"Pekanbaru, Indonesia",pm25
2026-09-29 19:05:31,Pekanbaru,0.5071,101.4478,37,Baik,1,8.85,13.14,548.48,11.68,26.34,2.26,5.13,0.01,179,Tidak Sehat,"Pekanbaru, Indonesia",pm25
2026-09-29 20:05:32,Pekanbaru,0.5071,101.4478,47,Baik,2,11.3,17.3,615.26,13.44,20.52,2.87,8.41,0.01,164,Tidak Sehat,"Pekanbaru, Indonesia",pm25
2026-09-29 21:05:32,Pekanbaru,0.5071,101.4478,54,Sedang,2,13.64,20.96,664.12,15.11,18.07,3.48,12.45,0.02,164,Tidak Sehat,"Pekanbaru, Indonesia",pm25
2026-09-29 22:05:52,Pekanbaru,0.5071,101.4478,54,Sedang,2,13.45,17.29,593.75,8.39,13.54,1.28,2.56,0.03,159,Tidak Sehat,"Pekanbaru, Indonesia",pm25
2026-09-29 23:05:32,Pekanbaru,0.5071,101.4478,56,Sedang,2,14.6,17.93,617.39,7.98,9.1,1.17,2.68,0.1,159,Tidak Sehat,"Pekanbaru, Indonesia",pm25
2026-09-30 00:05:32,Pekanbaru,0.5071,101.4478,59,Sedang,2,15.7,18.6,640.66,7.54,5.23,1.04,3.1,0.21,159,Tidak Sehat,"Pekanbaru, Indonesia",pm25
2026-09-30 01:05:31,Pekanbaru,0.5071,101.4478,60,Sedang,2,16.45,19.05,643.36,6.88,3.36,0.95,3.84,0.28,159,Tidak Sehat,"Pekanbaru, Indonesia",pm25
2026-09-30 02:05:31,Pekanbaru,0.5071,101.4478,62,Sedang,2,17.19,19.67,645.64,7.44,3.18,1.2,7.14,0.27,159,Tidak Sehat,"Pekanbaru, Indonesia",pm25
2026-09-30 03:05:31,Pekanbaru,0.5071,101.4478,63,Sedang,2,17.89,20.37,657.82,8.95,4.14,1.62,11.62,0.19,159,Tidak Sehat,"Pekanbaru, Indonesia",pm25
2026-09-30 04:05:50,Pekanbaru,0.5071,101.4478,64,Sedang,2,18.37,20.84,672.05,10.13,5.47,1.94,15.53,0.13,106,Tidak Sehat bagi Kelompok Sensitif,"Pekanbaru, Indonesia",pm25
2026-09-30 05:05:40,Pekanbaru,0.5071,101.4478,65,Sedang,2,18.95,21.41,686.64,11.2,6.85,2.25,19.17,0.1,106,Tidak Sehat bagi Kelompok Sensitif,"Pekanbaru, Indonesia",pm25
2026-09-30 06:05:32,Pekanbaru,0.5071,101.4478,67,Sedang,2,19.82,22.44,709.86,12.5,7.74,2.62,22.63,0.1,106,Tidak Sehat bagi Kelompok Sensitif,"Pekanbaru, Indonesia",pm25
2026-09-30 07:05:31,Pekanbaru,0.5071,101.4478,71,Sedang,2,21.75,25.35,776.48,15,7.22,3.42,26.09,0.4,137,Tidak Sehat bagi Kelompok Sensitif,"Pekanbaru, Indonesia",pm25
2026-09-30 08:05:31,Pekanbaru,0.5071,101.4478,72,Sedang,2,22.21,27.28,882.41,18.84,5.51,4.5,27.62,1.33,137,Tidak Sehat bagi Kelompok Sensitif,"Pekanbaru, Indonesia",pm25
2026-09-30 09:05:31,Pekanbaru,0.5071,101.4478,70,Sedang,2,20.98,26.78,960.97,20.93,4.99,5.04,26.49,2.54,137,Tidak Sehat bagi Kelompok Sensitif,"Pekanbaru, Indonesia",pm25
2026-09-30 10:05:32,Pekanbaru,0.5071,101.4478,66,Sedang,2,19.45,25.19,971.37,20.21,6.89,4.45,21.11,2.56,164,Tidak Sehat,"Pekanbaru, Indonesia",pm25
2026-09-30 11:05:26,Pekanbaru,0.5071,101.4478,37,Baik,2,8.97,10.19,348.21,3.24,90.76,1.57,2.75,0.06,164,Tidak Sehat,"Pekanbaru, Indonesia",pm25
2026-09-30 12:05:35,Pekanbaru,0.5071,101.4478,35,Baik,2,8.31,9.39,300.02,1.8,96,1.08,2.08,0.05,162,Tidak Sehat,"Pekanbaru, Indonesia",pm25
2026-09-30 13:05:31,Pekanbaru,0.5071,101.4478,31,Baik,2,7.42,8.39,290.6,1.53,94.49,0.92,1.91,0.05,154,Tidak Sehat,"Pekanbaru, Indonesia",pm25
2026-09-30 14:05:26,Pekanbaru,0.5071,101.4478,27,Baik,2,6.57,7.45,288.9,1.48,94.04,0.86,1.78,0.05,155,Tidak Sehat,"Pekanbaru, Indonesia",pm25
2026-09-30 15:05:32,Pekanbaru,0.5071,101.4478,25,Baik,2,5.89,6.69,283.78,1.61,91.21,0.88,1.72,0.04,156,Tidak Sehat,"Pekanbaru, Indonesia",pm25
2026-09-30 16:05:32,Pekanbaru,0.5071,101.4478,24,Baik,2,5.75,6.53,287.71,1.92,88.38,0.96,1.73,0.03,156,Tidak Sehat,"Pekanbaru, Indonesia",pm25
2026-09-30 17:05:32,Pekanbaru,0.5071,101.4478,29,Baik,2,6.96,8.36,363.51,4.98,67.94,1.47,2.78,0.05,169,Tidak Sehat,"Pekanbaru, Indonesia",pm25
2026-09-30 18:05:33,Pekanbaru,0.5071,101.4478,39,Baik,1,9.25,11.89,500.65,9.61,42.85,2.14,4.04,0.02,170,Tidak Sehat,"Pekanbaru, Indonesia",pm25
2026-09-30 19:05:31,Pekanbaru,0.5071,101.4478,49,Baik,2,11.79,15.94,617.29,13.11,31.31,2.88,6.32,0,176,Tidak Sehat,"Pekanbaru, Indonesia",pm25
2026-09-30 20:05:35,Pekanbaru,0.5071,101.4478,55,Sedang,2,14.06,19.26,685.81,15.7,27.75,3.71,9.98,0,163,Tidak Sehat,"Pekanbaru, Indonesia",pm25
2026-09-30 21:05:36,Pekanbaru,0.5071,101.4478,97,Sedang,3,34.14,40.18,1105.35,16.67,29.5,3.63,9.28,0,160,Tidak Sehat,"Pekanbaru, Indonesia",pm25
2026-09-30 22:05:39,Pekanbaru,0.5071,101.4478,103,Tidak Sehat bagi Kelompok Sensitif,3,36.24,41.54,1107.33,13.68,19.02,2.55,6.17,0.01,149,Tidak Sehat bagi Kelompok Sensitif,"Pekanbaru, Indonesia",pm25
2026-09-30 23:05:34,Pekanbaru,0.5071,101.4478,98,Sedang,3,34.48,38.56,1095.94,12.4,14.35,2.11,6.25,0.03,105,Tidak Sehat bagi Kelompok Sensitif,"Pekanbaru, Indonesia",pm25
2026-10-01 00:05:32,Pekanbaru,0.5071,101.4478,91,Sedang,3,31.08,34.09,1067.08,13.19,14.79,2.27,9.22,0.02,81,Sedang,"Pekanbaru, Indonesia",pm25
2026-10-01 01:05:32,Pekanbaru,0.5071,101.4478,85,Sedang,3,28.17,30.5,1038.22,13.96,17,2.38,12,0.01,81,Sedang,"Pekanbaru, Indonesia",pm25
2026-10-01 02:05:37,Pekanbaru,0.5071,101.4478,81,Sedang,3,26.47,28.46,1027.68,14.49,20.08,2.45,14.46,0,81,Sedang,"Pekanbaru, Indonesia",pm25
2026-10-01 03:05:32,Pekanbaru,0.5071,101.4478,79,Sedang,3,25.51,27.31,1008.7,14.43,22.44,2.44,16.17,0,111,Tidak Sehat bagi Kelompok Sensitif,"Pekanbaru, Indonesia",pm25
2026-10-01 04:05:32,Pekanbaru,0.5071,101.4478,77,Sedang,2,24.68,26.34,979.44,13.73,23.26,2.32,16.71,0,75,Sedang,"Pekanbaru, Indonesia",pm25
2026-10-01 05:05:34,Pekanbaru,0.5071,101.4478,79,Sedang,3,25.24,26.87,938.28,11.15,19.95,1.88,12.88,0,89,Sedang,"Pekanbaru, Indonesia",pm25
2026-10-01 06:05:39,Pekanbaru,0.5071,101.4478,81,Sedang,3,26.32,27.98,903.7,8.56,16.32,1.41,7.07,0.01,108,Tidak Sehat bagi Kelompok Sensitif,"Pekanbaru, Indonesia",pm25
2026-10-01 07:05:30,Pekanbaru,0.5071,101.4478,82,Sedang,3,26.83,28.76,893.79,8.04,16.66,1.41,4.63,0.04,140,Tidak Sehat bagi Kelompok Sensitif,"Pekanbaru, Indonesia",pm25
2026-10-01 08:05:34,Pekanbaru,0.5071,101.4478,70,Sedang,2,21.15,23.13,861.84,7.45,23.09,1.46,3.05,0.23,132,Tidak Sehat bagi Kelompok Sensitif,"Pekanbaru, Indonesia",pm25
2026-10-01 09:06:17,Pekanbaru,0.5071,101.4478,61,Sedang,2,16.65,18.89,836.77,7.11,29.12,1.48,1.97,0.35,128,Tidak Sehat bagi Kelompok Sensitif,"Pekanbaru, Indonesia",pm25
2026-10-01 10:05:30,Pekanbaru,0.5071,101.4478,57,Sedang,2,14.93,17.14,807.73,6.68,36.37,1.45,1.68,0.31,116,Tidak Sehat bagi Kelompok Sensitif,"Pekanbaru, Indonesia",pm25
2026-10-01 11:05:33,Pekanbaru,0.5071,101.4478,39,Baik,2,9.43,10.21,639.96,3.17,86.91,1.37,1.04,0.05,144,Tidak Sehat bagi Kelompok Sensitif,"Pekanbaru, Indonesia",pm25
2026-10-01 12:05:31,Pekanbaru,0.5071,101.4478,31,Baik,2,7.34,7.88,588.87,2.71,91.16,1.07,1.03,0.02,125,Tidak Sehat bagi Kelompok Sensitif,"Pekanbaru, Indonesia",pm25
2026-10-01 13:05:29,Pekanbaru,0.5071,101.4478,28,Baik,2,6.7,7.19,570.51,2.77,87.35,0.96,1.05,0.01,144,Tidak Sehat bagi Kelompok Sensitif,"Pekanbaru, Indonesia",pm25
2026-10-01 14:05:34,Pekanbaru,0.5071,101.4478,29,Baik,2,6.98,7.68,592.92,3.69,75.89,1.09,1.21,0.01,149,Tidak Sehat bagi Kelompok Sensitif,"Pekanbaru, Indonesia",pm25
2026-10-01 15:05:31,Pekanbaru,0.5071,101.4478,33,Baik,1,7.87,8.97,636.09,4.96,58.57,1.28,1.28,0.02,153,Tidak Sehat,"Pekanbaru, Indonesia",pm25
2026-10-01 16:05:35,Pekanbaru,0.5071,101.4478,37,Baik,1,8.87,10.33,681.64,6.05,45.81,1.45,1.26,0.03,133,Tidak Sehat bagi Kelompok Sensitif,"Pekanbaru, Indonesia",pm25
2026-10-01 17:05:34,Pekanbaru,0.5071,101.4478,44,Baik,2,10.48,12.69,759.37,8.56,29.83,1.81,1.51,0.05,153,Tidak Sehat,"Pekanbaru, Indonesia",pm25
2026-10-01 18:05:37,Pekanbaru,0.5071,101.4478,53,Sedang,2,12.95,16.25,883.62,11.79,14.88,2.18,1.78,0.08,158,Tidak Sehat,"Pekanbaru, Indonesia",pm25
2026-10-01 19:05:41,Pekanbaru,0.5071,101.4478,58,Sedang,2,15.54,19.59,979.53,13.07,6.74,2.26,2.03,0.29,164,Tidak Sehat,"Pekanbaru, Indonesia",pm25
2026-10-01 20:05:38,Pekanbaru,0.5071,101.4478,63,Sedang,2,18.04,22.43,1034.38,13.09,3.11,2.28,2.56,0.59,166,Tidak Sehat,"Pekanbaru, Indonesia",pm25
2026-10-01 21:05:39,Pekanbaru,0.5071,101.4478,81,Sedang,3,26.41,31.5,998.63,12.61,12.08,2.57,3.28,0.06,176,Tidak Sehat,"Pekanbaru, Indonesia",pm25
2026-10-01 22:05:36,Pekanbaru,0.5071,101.4478,87,Sedang,3,29.13,34.74,1030.5,12.56,9.57,2.6,3.91,0.09,153,Tidak Sehat,"Pekanbaru, Indonesia",pm25
2026-10-01 23:05:37,Pekanbaru,0.5071,101.4478,91,Sedang,3,31.18,36.4,1057.7,13.95,9.41,3,5.15,0.09,144,Tidak Sehat bagi Kelompok Sensitif,"Pekanbaru, Indonesia",pm25
2026-10-02 00:05:32,Pekanbaru,0.5071,101.4478,94,Sedang,3,32.5,36.86,1090.5,16.38,10.26,3.51,6.74,0.06,144,Tidak Sehat bagi Kelompok Sensitif,"Pekanbaru, Indonesia",pm25
2026-10-02 01:05:34,Pekanbaru,0.5071,101.4478,96,Sedang,3,33.56,37.21,1115.03,17.86,11.01,3.73,8.05,0.03,144,Tidak Sehat bagi Kelompok Sensitif,"Pekanbaru, Indonesia",pm25
2026-10-02 02:05:37,Pekanbaru,0.5071,101.4478,95,Sedang,3,33.25,36.49,1135.65,18.66,12.28,3.75,9.15,0.02,144,Tidak Sehat bagi Kelompok Sensitif,"Pekanbaru, Indonesia",pm25
2026-10-02 03:05:43,Pekanbaru,0.5071,101.4478,94,Sedang,3,32.62,35.73,1144.12,19.08,13.86,3.74,10.23,0.01,119,Tidak Sehat bagi Kelompok Sensitif,"Pekanbaru, Indonesia",pm25
2026-10-02 04:06:48,Pekanbaru,0.5071,101.4478,93,Sedang,3,32.25,35.44,1140.19,19.25,15.33,3.73,11.17,0.01,127,Tidak Sehat bagi Kelompok Sensitif,"Pekanbaru, Indonesia",pm25
2026-10-02 05:05:38,Pekanbaru,0.5071,101.4478,92,Sedang,3,31.66,34.7,1132.29,19.15,16.38,3.63,11.64,0.01,157,Tidak Sehat,"Pekanbaru, Indonesia",pm25
2026-10-02 06:05:41,Pekanbaru,0.5071,101.4478,91,Sedang,3,31.29,34.35,1128.68,19.26,16.61,3.61,11.92,0.01,152,Tidak Sehat,"Pekanbaru, Indonesia",pm25
2026-10-02 07:05:33,Pekanbaru,0.5071,101.4478,93,Sedang,3,31.85,35.69,1166.42,20.81,15.23,4,12.16,0.08,140,Tidak Sehat bagi Kelompok Sensitif,"Pekanbaru, Indonesia",pm25
2026-10-02 08:05:33,Pekanbaru,0.5071,101.4478,96,Sedang,3,33.48,38.55,1222.22,21.46,13.88,4.64,11.48,1.08,144,Tidak Sehat bagi Kelompok Sensitif,"Pekanbaru, Indonesia",pm25
2026-10-02 09:05:32,Pekanbaru,0.5071,101.4478,95,Sedang,3,32.92,38.69,1225.68,16.31,16.91,3.68,6.63,2.44,144,Tidak Sehat bagi Kelompok Sensitif,"Pekanbaru, Indonesia",pm25
2026-10-02 10:05:38,Pekanbaru,0.5071,101.4478,96,Sedang,3,33.4,38.77,1171.71,12.15,29.41,2.68,3.56,2.02,161,Tidak Sehat,"Pekanbaru, Indonesia",pm25
2026-10-02 11:05:34,Pekanbaru,0.5071,101.4478,47,Baik,2,11.37,12.5,577.62,2.81,78.51,1.85,0.56,0.2,168,Tidak Sehat,"Pekanbaru, Indonesia",pm25
2026-10-02 12:05:31,Pekanbaru,0.5071,101.4478,27,Baik,2,6.54,7.18,444.5,1.64,79.99,1.39,0.43,0.09,167,Tidak Sehat,"Pekanbaru, Indonesia",pm25
