Timestamp,City,Weather_Main,Weather_Desc,Temp_C,Feels_Like_C,Humidity_Pct,Pressure_hPa,Wind_Speed_ms,Clouds_Pct,Visibility_m
2026-09-23 09:52:09,Pekanbaru,Clouds,overcast clouds,29.15,34.94,79,1012,5.14,100,10000
2026-09-23 10:57:04,Pekanbaru,Clouds,overcast clouds,30.15,36.44,74,1011,4.12,100,10000
2026-09-23 11:45:50,Pekanbaru,Clouds,overcast clouds,32.15,39.15,66,1010,4.12,100,10000
2026-09-23 12:00:40,Pekanbaru,Clouds,overcast clouds,32.15,39.15,66,1010,4.12,100,10000
2026-09-23 12:30:31,Pekanbaru,Clouds,overcast clouds,32.15,39.15,66,1009,3.6,100,10000
2026-09-23 13:00:37,Pekanbaru,Clouds,overcast clouds,33.15,40.15,62,1009,3.6,100,10000
2026-09-23 14:00:38,Pekanbaru,Clouds,overcast clouds,34.15,40.55,55,1008,3.09,100,10000
2026-09-23 15:00:37,Pekanbaru,Clouds,overcast clouds,34.15,40.55,55,1007,2.57,100,10000
2026-09-23 16:00:37,Pekanbaru,Clouds,overcast clouds,34.15,39.43,52,1007,3.09,99,10000
2026-09-23 16:16:12,Pekanbaru,Clouds,overcast clouds,34.15,39.43,52,1005,2.06,99,10000
2026-09-23 17:00:38,Pekanbaru,Clouds,overcast clouds,33.15,38.16,55,1006,2.57,99,10000
2026-09-23 18:00:42,Pekanbaru,Clouds,overcast clouds,33.15,38.16,55,1007,1.54,99,10000
2026-09-23 19:00:38,Pekanbaru,Rain,light rain,32.15,38.06,62,1008,2.06,100,10000
2026-09-23 20:00:42,Pekanbaru,Rain,light rain,26.15,26.15,89,1010,6.17,96,10000
2026-09-23 21:11:10,Pekanbaru,Clouds,overcast clouds,27.15,31.05,89,1010,2.06,98,10000
2026-09-23 21:24:52,Pekanbaru,Clouds,overcast clouds,27.15,31.05,89,1010,2.06,98,10000
2026-09-23 22:00:41,Pekanbaru,Rain,light rain,26.15,26.15,94,1011,3.09,98,10000
2026-09-23 23:00:41,Pekanbaru,Clouds,overcast clouds,25.15,26.18,94,1012,5.14,99,10000
2026-09-24 01:00:41,Pekanbaru,Rain,light rain,24.15,25.08,94,1011,7.2,100,10000
2026-09-24 03:00:39,Pekanbaru,Rain,light rain,24.15,25.23,100,1009,2.57,100,10000
2026-09-24 04:00:41,Pekanbaru,Clouds,overcast clouds,24.15,25.23,100,1009,1.03,100,10000
2026-09-24 07:07:12,Pekanbaru,Rain,moderate rain,24.15,25.23,100,1011,0,100,6175
2026-09-24 07:25:14,Pekanbaru,Rain,moderate rain,24.15,25.23,100,1011,0,100,6175
2026-09-24 08:05:24,Pekanbaru,Rain,light rain,24.15,25.23,100,1012,2.57,100,10000
2026-09-24 09:05:27,Pekanbaru,Rain,light rain,26.15,26.15,89,1012,1.54,100,10000
2026-09-24 10:05:26,Pekanbaru,Rain,light rain,27.15,30.39,83,1012,2.06,100,10000
2026-09-24 11:05:26,Pekanbaru,Clouds,overcast clouds,29.15,33.86,74,1012,2.57,100,10000
2026-09-24 12:05:28,Pekanbaru,Clouds,overcast clouds,30.15,36.44,74,1011,2.06,99,10000
2026-09-24 13:05:33,Pekanbaru,Clouds,overcast clouds,30.15,36.44,74,1010,2.06,100,10000
2026-09-24 14:05:31,Pekanbaru,Clouds,overcast clouds,30.15,36.44,74,1009,3.09,100,10000
2026-09-24 14:42:15,Pekanbaru,Clouds,overcast clouds,30.15,36.44,74,1009,2.57,100,10000
2026-09-24 15:05:27,Pekanbaru,Clouds,overcast clouds,30.15,36.44,74,1008,2.57,100,10000
2026-09-24 16:06:02,Pekanbaru,Clouds,overcast clouds,31.15,38,70,1007,2.57,100,10000
2026-09-24 17:05:29,Pekanbaru,Clouds,overcast clouds,31.15,38,70,1007,4.63,99,10000
2026-09-24 18:05:28,Pekanbaru,Clouds,overcast clouds,29.15,34.94,79,1009,5.14,99,10000
2026-09-24 19:05:28,Pekanbaru,Clouds,overcast clouds,28.15,32.98,83,1010,3.09,99,10000
2026-09-24 20:05:25,Pekanbaru,Clouds,overcast clouds,28.15,32.98,83,1010,2.57,100,10000
2026-09-24 21:05:29,Pekanbaru,Clouds,overcast clouds,27.15,31.05,89,1012,1.54,100,10000
2026-09-24 22:05:31,Pekanbaru,Clouds,overcast clouds,26.15,26.15,94,1011,1.54,100,10000
2026-09-24 23:05:31,Pekanbaru,Clouds,overcast clouds,26.15,26.15,94,1012,2.06,100,10000
2026-09-25 00:05:44,Pekanbaru,Clouds,overcast clouds,26.15,26.15,89,1012,1.54,100,10000
2026-09-25 01:05:32,Pekanbaru,Clouds,overcast clouds,26.15,26.15,94,1012,1.54,100,10000
2026-09-25 02:05:28,Pekanbaru,Clouds,overcast clouds,26.15,26.15,94,1010,1.54,100,10000
2026-09-25 03:05:58,Pekanbaru,Clouds,overcast clouds,25.15,26.33,100,1011,1.03,100,10000
2026-09-25 04:05:26,Pekanbaru,Clouds,overcast clouds,25.15,26.33,100,1010,1.54,100,10000
2026-09-25 05:05:29,Pekanbaru,Clouds,overcast clouds,25.15,26.18,94,1010,1.54,100,10000
2026-09-25 06:05:29,Pekanbaru,Clouds,overcast clouds,25.15,26.18,94,1010,2.06,100,10000
2026-09-25 07:05:26,Pekanbaru,Clouds,overcast clouds,25.15,26.18,94,1011,1.54,99,10000
2026-09-25 08:05:28,Pekanbaru,Clouds,overcast clouds,26.15,26.15,89,1012,2.06,100,10000
2026-09-25 09:05:28,Pekanbaru,Clouds,overcast clouds,29.15,33.86,74,1012,3.09,100,10000
2026-09-25 10:05:27,Pekanbaru,Clouds,overcast clouds,31.15,36.8,66,1012,3.09,100,10000
2026-09-25 11:05:30,Pekanbaru,Clouds,overcast clouds,33.15,38.16,55,1011,4.12,97,10000
2026-09-25 12:05:27,Pekanbaru,Rain,light rain,33.15,38.16,55,1011,2.57,97,10000
2026-09-25 13:05:25,Pekanbaru,Clouds,overcast clouds,34.15,39.43,52,1010,2.57,97,10000
2026-09-25 14:05:28,Pekanbaru,Clouds,overcast clouds,33.15,38.16,55,1009,3.6,94,10000
2026-09-25 15:05:30,Pekanbaru,Clouds,overcast clouds,34.15,39.43,52,1007,3.6,93,10000
2026-09-25 16:05:30,Pekanbaru,Clouds,overcast clouds,34.15,39.43,52,1007,3.09,87,10000
2026-09-25 17:05:28,Pekanbaru,Clouds,overcast clouds,33.15,38.16,55,1007,2.57,90,10000
2026-09-25 18:05:29,Pekanbaru,Clouds,overcast clouds,33.15,39.18,58,1007,2.06,92,10000
2026-09-25 19:05:30,Pekanbaru,Clouds,overcast clouds,32.15,38.06,62,1008,1.03,95,10000
2026-09-25 20:05:28,Pekanbaru,Clouds,overcast clouds,30.15,36.44,74,1009,1.03,100,10000
2026-09-25 21:05:26,Pekanbaru,Clouds,overcast clouds,30.15,36.44,74,1011,0,100,10000
2026-09-25 22:05:31,Pekanbaru,Rain,light rain,29.15,36.1,84,1011,0,100,10000
2026-09-25 23:05:27,Pekanbaru,Rain,light rain,29.15,36.1,84,1011,2.06,97,10000
2026-09-26 00:05:28,Pekanbaru,Rain,light rain,29.15,36.1,84,1011,0,85,10000
2026-09-26 01:05:30,Pekanbaru,Rain,light rain,29.15,36.1,84,1011,0,57,10000
2026-09-26 02:05:27,Pekanbaru,Rain,light rain,28.15,34.04,89,1010,1.03,100,10000
2026-09-26 03:05:34,Pekanbaru,Clouds,overcast clouds,27.15,31.05,89,1009,2.57,100,1309
2026-09-26 04:05:29,Pekanbaru,Clouds,overcast clouds,26.15,26.15,94,1010,2.57,100,10000
2026-09-26 05:05:28,Pekanbaru,Clouds,overcast clouds,25.15,26.18,94,1010,3.6,98,10000
2026-09-26 06:05:31,Pekanbaru,Clouds,overcast clouds,25.15,26.18,94,1010,2.57,95,10000
2026-09-26 07:05:26,Pekanbaru,Clouds,overcast clouds,25.15,26.02,88,1011,1.54,95,10000
2026-09-26 08:05:30,Pekanbaru,Clouds,few clouds,26.15,26.15,83,1012,1.54,20,10000
2026-09-26 09:05:24,Pekanbaru,Clouds,few clouds,26.15,26.15,89,1012,2.57,18,10000
2026-09-26 10:05:24,Pekanbaru,Clouds,few clouds,29.15,33.86,74,1012,2.57,24,10000
2026-09-26 11:06:03,Pekanbaru,Clouds,scattered clouds,30.15,36.44,74,1012,3.09,26,10000
2026-09-26 12:05:27,Pekanbaru,Rain,light rain,30.15,36.44,74,1011,3.6,31,10000
2026-09-26 13:05:32,Pekanbaru,Rain,light rain,30.15,36.44,74,1010,1.54,35,10000
2026-09-26 14:05:29,Pekanbaru,Rain,light rain,28.15,34.04,89,1009,5.14,68,10000
2026-09-26 15:05:24,Pekanbaru,Clouds,broken clouds,29.15,36.15,89,1007,1.54,83,10000
2026-09-26 16:05:31,Pekanbaru,Clouds,overcast clouds,30.15,37.15,79,1007,2.06,88,10000
2026-09-26 17:05:30,Pekanbaru,Rain,light rain,31.15,38,70,1007,2.57,86,10000
2026-09-26 18:05:28,Pekanbaru,Clouds,broken clouds,30.15,37.15,79,1008,1.54,80,10000
2026-09-26 19:05:28,Pekanbaru,Clouds,broken clouds,27.15,31.05,89,1010,2.57,72,10000
2026-09-26 20:05:29,Pekanbaru,Clouds,overcast clouds,27.15,31.05,89,1010,2.57,100,10000
2026-09-26 21:06:05,Pekanbaru,Rain,light rain,25.15,26.02,88,1010,0,100,10000
2026-09-26 22:05:27,Pekanbaru,Rain,light rain,25.15,26.18,94,1011,1.03,100,10000
2026-09-26 23:05:34,Pekanbaru,Rain,light rain,26.15,26.15,94,1011,1.03,100,10000
2026-09-27 00:05:30,Pekanbaru,Rain,light rain,26.15,26.15,94,1011,0.51,100,10000
2026-09-27 01:05:28,Pekanbaru,Clouds,overcast clouds,26.15,26.15,89,1010,0.51,100,10000
2026-09-27 02:05:32,Pekanbaru,Clouds,overcast clouds,26.15,26.15,94,1009,0.51,100,10000
2026-09-27 03:05:26,Pekanbaru,Rain,light rain,26.15,26.15,94,1009,0.51,100,
2026-09-27 04:05:29,Pekanbaru,Rain,moderate rain,26.15,26.15,94,1009,0.51,100,8644
2026-09-27 05:05:30,Pekanbaru,Clouds,overcast clouds,26.15,26.15,94,1009,2.06,100,10000
2026-09-27 06:05:28,Pekanbaru,Rain,moderate rain,26.15,26.15,94,1010,1.03,100,3561
2026-09-27 07:05:31,Pekanbaru,Rain,light rain,26.15,26.15,94,1011,1.54,100,10000
2026-09-27 08:05:28,Pekanbaru,Rain,light rain,26.15,26.15,94,1012,1.54,100,10000
2026-09-27 09:05:29,Pekanbaru,Clouds,overcast clouds,26.15,26.15,94,1012,3.09,95,10000
2026-09-27 10:05:31,Pekanbaru,Clouds,overcast clouds,26.15,26.15,94,1012,4.63,97,3983
2026-09-27 11:05:27,Pekanbaru,Rain,moderate rain,27.15,31.05,89,1013,2.57,97,3984
2026-09-27 12:05:28,Pekanbaru,Rain,moderate rain,28.15,32.98,83,1012,0,98,10000
2026-09-27 13:05:26,Pekanbaru,Clouds,overcast clouds,28.15,32.98,83,1011,0,99,10000
2026-09-27 14:05:29,Pekanbaru,Clouds,overcast clouds,28.15,32.98,83,1009,2.06,100,10000
2026-09-27 15:05:23,Pekanbaru,Clouds,overcast clouds,29.15,36.1,84,1009,2.06,100,10000
2026-09-27 16:05:33,Pekanbaru,Clouds,overcast clouds,28.15,32.98,83,1009,3.6,100,10000
2026-09-27 17:05:27,Pekanbaru,Rain,light rain,28.15,32.98,83,1009,2.57,100,10000
2026-09-27 18:05:31,Pekanbaru,Clouds,overcast clouds,27.15,31.05,89,1009,3.09,100,10000
2026-09-27 19:05:30,Pekanbaru,Clouds,overcast clouds,27.15,31.05,89,1010,2.57,100,10000
2026-09-27 20:05:26,Pekanbaru,Clouds,overcast clouds,26.15,26.15,94,1010,0,100,10000
2026-09-27 21:05:29,Pekanbaru,Clouds,overcast clouds,26.15,26.15,94,1012,0,100,10000
2026-09-27 22:05:32,Pekanbaru,Clouds,overcast clouds,26.15,26.15,94,1011,1.03,100,10000
2026-09-27 23:05:28,Pekanbaru,Clouds,overcast clouds,26.15,26.15,94,1011,0,100,10000
2026-09-28 00:05:30,Pekanbaru,Clouds,overcast clouds,25.15,26.33,100,1012,0,100,10000
2026-09-28 01:05:28,Pekanbaru,Clouds,overcast clouds,25.15,26.33,100,1011,0,95,10000
2026-09-28 02:05:28,Pekanbaru,Clouds,overcast clouds,25.15,26.18,94,1010,0,96,10000
2026-09-28 03:05:31,Pekanbaru,Clouds,broken clouds,25.15,26.18,94,1009,1.03,80,10000
2026-09-28 04:05:29,Pekanbaru,Clouds,broken clouds,24.15,25.23,100,1009,2.06,74,10000
2026-09-28 05:05:31,Pekanbaru,Clouds,broken clouds,24.15,25.23,100,1009,0.51,80,10000
2026-09-28 06:05:33,Pekanbaru,Clouds,broken clouds,24.15,25.23,100,1010,1.03,84,10000
2026-09-28 07:05:35,Pekanbaru,Clouds,overcast clouds,24.15,25.23,100,1011,2.57,86,10000
2026-09-28 08:05:28,Pekanbaru,Clouds,few clouds,24.15,25.23,100,1012,3.6,14,10000
2026-09-28 09:05:34,Pekanbaru,Clouds,broken clouds,27.15,31.05,89,1013,5.14,61,10000
2026-09-28 10:06:03,Pekanbaru,Clouds,broken clouds,30.15,36.44,74,1012,5.14,68,10000
2026-09-28 11:05:31,Pekanbaru,Clouds,broken clouds,31.15,38,70,1011,4.63,72,10000
2026-09-28 12:05:30,Pekanbaru,Clouds,broken clouds,32.15,38.06,62,1011,4.12,68,10000
2026-09-28 13:05:33,Pekanbaru,Clouds,broken clouds,33.15,39.18,58,1010,5.14,52,10000
2026-09-28 14:05:30,Pekanbaru,Clouds,overcast clouds,33.16,39.21,58,1009,4.12,86,10000
2026-09-28 15:05:40,Pekanbaru,Clouds,overcast clouds,34.15,40.55,55,1008,3.09,93,10000
2026-09-28 16:05:38,Pekanbaru,Rain,light rain,33.15,39.18,58,1008,3.6,95,10000
2026-09-28 17:05:32,Pekanbaru,Rain,light rain,33.15,38.16,55,1008,4.12,96,10000
2026-09-28 18:05:30,Pekanbaru,Clouds,overcast clouds,32.15,38.06,62,1008,2.57,97,10000
2026-09-28 19:05:39,Pekanbaru,Rain,light rain,30.15,35.41,70,1009,2.06,98,10000
2026-09-28 20:05:29,Pekanbaru,Clouds,overcast clouds,30.15,35.41,70,1011,1.54,100,10000
2026-09-28 21:06:07,Pekanbaru,Clouds,overcast clouds,28.15,32.16,78,1011,2.06,92,10000
2026-09-28 22:05:32,Pekanbaru,Clouds,overcast clouds,28.15,32.16,78,1012,1.54,85,10000
2026-09-28 23:05:53,Pekanbaru,Clouds,broken clouds,28.15,32.98,83,1012,1.54,80,10000
2026-09-29 00:05:31,Pekanbaru,Clouds,broken clouds,27.15,31.05,89,1012,1.03,68,10000
2026-09-29 01:05:35,Pekanbaru,Clouds,broken clouds,27.15,31.05,89,1012,0,70,10000
2026-09-29 02:05:30,Pekanbaru,Clouds,overcast clouds,27.15,31.05,89,1011,1.54,100,10000
2026-09-29 03:05:33,Pekanbaru,Clouds,overcast clouds,26.15,26.15,94,1011,2.06,99,10000
2026-09-29 04:05:28,Pekanbaru,Clouds,overcast clouds,26.15,26.15,94,1012,0.51,96,10000
2026-09-29 05:05:32,Pekanbaru,Clouds,overcast clouds,26.15,26.15,94,1011,0.51,96,10000
2026-09-29 06:05:28,Pekanbaru,Clouds,overcast clouds,25.15,26.33,100,1012,0.51,97,10000
2026-09-29 07:05:31,Pekanbaru,Clouds,overcast clouds,26.15,26.15,94,1013,1.54,93,10000
2026-09-29 08:05:32,Pekanbaru,Clouds,broken clouds,27.15,31.05,89,1014,2.57,71,10000
2026-09-29 09:05:30,Pekanbaru,Clouds,scattered clouds,28.15,32.98,83,1013,2.57,49,10000
2026-09-29 10:05:29,Pekanbaru,Clouds,scattered clouds,29.15,34.94,79,1013,3.6,47,10000
2026-09-29 11:05:31,Pekanbaru,Rain,light rain,30.15,36.44,74,1013,3.6,52,10000
2026-09-29 12:05:29,Pekanbaru,Clouds,broken clouds,32.15,39.15,66,1011,3.09,59,10000
2026-09-29 13:05:32,Pekanbaru,Rain,light rain,32.15,39.15,66,1010,3.09,65,10000
2026-09-29 14:05:31,Pekanbaru,Rain,light rain,33.15,39.18,58,1009,3.09,97,10000
2026-09-29 15:05:31,Pekanbaru,Clouds,overcast clouds,33.15,40.15,62,1008,4.12,98,10000
2026-09-29 16:05:32,Pekanbaru,Rain,light rain,26.15,26.15,83,1009,9.26,99,10000
2026-09-29 17:05:29,Pekanbaru,Clouds,overcast clouds,26.15,26.15,89,1008,1.03,99,10000
2026-09-29 18:05:37,Pekanbaru,Clouds,overcast clouds,26.15,26.15,94,1009,5.66,99,10000
2026-09-29 19:05:31,Pekanbaru,Clouds,overcast clouds,26.15,26.15,94,1010,3.09,97,10000
2026-09-29 20:05:32,Pekanbaru,Rain,heavy intensity rain,26.15,26.15,94,1011,5.14,100,10000
2026-09-29 21:05:32,Pekanbaru,Clouds,broken clouds,25.15,26.18,94,1011,2.57,57,10000
2026-09-29 22:05:52,Pekanbaru,Clouds,scattered clouds,25.15,26.18,94,1012,1.54,37,10000
2026-09-29 23:05:32,Pekanbaru,Clouds,scattered clouds,25.15,26.18,94,1012,1.54,30,10000
2026-09-30 00:05:32,Pekanbaru,Clouds,scattered clouds,25.15,26.18,94,1012,1.54,26,10000
2026-09-30 01:05:31,Pekanbaru,Clouds,scattered clouds,25.15,26.18,94,1012,0,27,10000
2026-09-30 02:05:31,Pekanbaru,Clear,clear sky,24.15,25.23,100,1011,0.51,8,10000
2026-09-30 03:05:31,Pekanbaru,Clear,clear sky,24.15,25.23,100,1010,0.51,7,10000
2026-09-30 04:05:50,Pekanbaru,Clear,clear sky,24.15,25.23,100,1010,0,6,10000
2026-09-30 05:05:40,Pekanbaru,Clear,clear sky,24.15,25.23,100,1010,1.03,7,10000
2026-09-30 06:05:32,Pekanbaru,Clear,clear sky,24.15,25.23,100,1011,0,9,10000
2026-09-30 07:05:31,Pekanbaru,Clouds,few clouds,24.15,25.23,100,1012,0,22,10000
2026-09-30 08:05:31,Pekanbaru,Clouds,few clouds,25.15,26.18,94,1013,1.54,16,10000
2026-09-30 09:05:31,Pekanbaru,Clouds,few clouds,27.15,30.39,83,1013,2.06,11,10000
2026-09-30 10:05:32,Pekanbaru,Clear,clear sky,29.15,34.94,79,1014,4.12,8,10000
2026-09-30 11:05:26,Pekanbaru,Clear,clear sky,30.15,36.44,74,1014,3.09,8,10000
2026-09-30 12:05:35,Pekanbaru,Clear,clear sky,31.15,36.8,66,1013,3.6,7,10000
2026-09-30 13:05:31,Pekanbaru,Clouds,few clouds,32.15,36.82,58,1012,3.09,14,10000
2026-09-30 14:05:26,Pekanbaru,Clouds,overcast clouds,33.15,39.18,58,1010,2.57,100,10000
2026-09-30 15:05:32,Pekanbaru,Clouds,overcast clouds,33.15,39.18,58,1009,3.6,100,10000
2026-09-30 16:05:32,Pekanbaru,Clouds,overcast clouds,33.15,39.18,58,1009,2.57,100,10000
2026-09-30 17:05:32,Pekanbaru,Rain,light rain,33.15,39.18,58,1008,2.06,100,10000
2026-09-30 18:05:33,Pekanbaru,Rain,light rain,30.15,36.44,74,1010,3.09,100,10000
2026-09-30 19:05:31,Pekanbaru,Clouds,overcast clouds,26.15,26.15,94,1011,2.06,100,10000
2026-09-30 20:05:35,Pekanbaru,Clouds,overcast clouds,26.15,26.15,89,1011,3.6,96,10000
2026-09-30 21:05:36,Pekanbaru,Clouds,overcast clouds,25.15,26.18,94,1013,3.09,100,10000
2026-09-30 22:05:39,Pekanbaru,Clouds,overcast clouds,25.15,26.02,88,1012,2.57,100,10000
2026-09-30 23:05:34,Pekanbaru,Clouds,overcast clouds,25.15,26.02,88,1013,2.06,100,10000
2026-10-01 00:05:32,Pekanbaru,Clouds,overcast clouds,25.15,26.02,88,1013,2.06,93,10000
2026-10-01 01:05:32,Pekanbaru,Clouds,scattered clouds,25.15,26.02,88,1012,1.54,45,10000
2026-10-01 02:05:37,Pekanbaru,Clouds,scattered clouds,25.15,26.02,88,1012,0,29,10000
2026-10-01 03:05:32,Pekanbaru,Clouds,scattered clouds,24.15,25.08,94,1011,2.57,48,10000
2026-10-01 04:05:32,Pekanbaru,Rain,light rain,24.15,25.08,94,1011,3.09,64,10000
2026-10-01 05:05:34,Pekanbaru,Clouds,broken clouds,24.15,25.08,94,1011,1.54,61,10000
2026-10-01 06:05:39,Pekanbaru,Clouds,broken clouds,24.15,25.08,94,1011,0,66,10000
2026-10-01 07:05:30,Pekanbaru,Clouds,broken clouds,24.15,25.08,94,1012,2.06,79,10000
2026-10-01 08:05:34,Pekanbaru,Clouds,overcast clouds,26.15,26.15,83,1013,0,100,10000
2026-10-01 09:06:17,Pekanbaru,Clouds,broken clouds,29.15,33.86,74,1013,1.54,73,10000
2026-10-01 10:05:30,Pekanbaru,Clouds,broken clouds,30.15,34.44,66,1013,2.57,55,10000
2026-10-01 11:05:33,Pekanbaru,Rain,light rain,30.15,35.41,70,1013,2.57,53,6973
2026-10-01 12:05:31,Pekanbaru,Rain,moderate rain,32.15,38.06,62,1012,4.63,62,10000
2026-10-01 13:05:29,Pekanbaru,Rain,moderate rain,32.15,39.15,66,1011,4.12,67,2733
2026-10-01 14:05:34,Pekanbaru,Rain,moderate rain,32.15,38.06,62,1011,3.09,81,10000
2026-10-01 15:05:31,Pekanbaru,Rain,moderate rain,32.15,38.06,62,1008,3.09,89,2977
2026-10-01 16:05:35,Pekanbaru,Rain,moderate rain,32.15,38.06,62,1008,3.09,93,10000
2026-10-01 17:05:34,Pekanbaru,Rain,moderate rain,32.15,38.06,62,1009,2.57,95,10000
2026-10-01 18:05:37,Pekanbaru,Clouds,overcast clouds,30.15,36.44,74,1009,3.6,96,10000
2026-10-01 19:05:41,Pekanbaru,Rain,moderate rain,28.15,32.98,83,1010,3.6,97,10000
2026-10-01 20:05:38,Pekanbaru,Rain,light rain,27.15,31.05,89,1011,4.12,100,10000
2026-10-01 21:05:39,Pekanbaru,Clouds,overcast clouds,26.15,26.15,89,1012,2.57,100,10000
2026-10-01 22:05:36,Pekanbaru,Clouds,overcast clouds,26.15,26.15,89,1012,1.03,100,10000
2026-10-01 23:05:37,Pekanbaru,Clouds,overcast clouds,26.15,26.15,89,1012,2.06,100,10000
2026-10-02 00:05:32,Pekanbaru,Clouds,overcast clouds,26.15,26.15,89,1012,1.03,100,10000
2026-10-02 01:05:34,Pekanbaru,Clouds,overcast clouds,25.15,26.18,94,1012,1.03,100,10000
2026-10-02 02:05:37,Pekanbaru,Rain,light rain,25.15,26.18,94,1011,1.03,100,10000
2026-10-02 03:05:43,Pekanbaru,Rain,moderate rain,25.15,26.18,94,1010,1.03,100,10000
2026-10-02 04:06:48,Pekanbaru,Rain,moderate rain,25.15,26.18,94,1010,1.03,100,10000
2026-10-02 05:05:38,Pekanbaru,Rain,light rain,25.15,26.18,94,1011,1.03,100,10000
2026-10-02 06:05:41,Pekanbaru,Clouds,overcast clouds,25.15,26.18,94,1011,0.51,100,10000
2026-10-02 07:05:33,Pekanbaru,Clouds,overcast clouds,25.15,26.18,94,1012,1.03,100,10000
2026-10-02 08:05:33,Pekanbaru,Rain,light rain,26.15,26.15,94,1013,1.03,80,10000
2026-10-02 09:05:32,Pekanbaru,Rain,moderate rain,28.15,32.16,78,1014,1.54,93,5436
2026-10-02 10:05:38,Pekanbaru,Rain,moderate rain,29.15,33.86,74,1014,2.57,95,10000
2026-10-02 11:05:34,Pekanbaru,Rain,light rain,30.15,35.41,70,1014,2.57,96,10000
2026-10-02 12:05:31,Pekanbaru,Rain,light rain,31.15,36.8,66,1013,2.06,97,10000
2026-10-02 13:05:30,Pekanbaru,Rain,moderate rain,32.15,38.06,62,1012,2.57,90,10000
2026-10-02 14:05:34,Pekanbaru,Rain,light rain,33.15,40.15,62,1010,3.09,100,10000
2026-10-02 15:05:36,Pekanbaru,Rain,light rain,33.15,39.18,58,1009,3.09,98,10000
2026-10-02 16:05:34,Pekanbaru,Clouds,overcast clouds,33.15,39.18,58,1009,1.54,99,10000
2026-10-02 17:05:34,Pekanbaru,Rain,light rain,32.15,38.06,62,1009,3.6,99,10000
2026-10-02 18:05:35,Pekanbaru,Rain,moderate rain,31.15,38,70,1010,2.57,94,10000
2026-10-02 19:05:32,Pekanbaru,Rain,light rain,30.15,37.15,79,1011,2.06,91,10000
2026-10-02 20:05:34,Pekanbaru,Rain,light rain,29.15,36.1,84,1012,2.06,71,10000
2026-10-02 21:05:36,Pekanbaru,Rain,moderate rain,28.15,32.98,83,1013,2.06,86,10000
2026-10-02 22:05:37,Pekanbaru,Clouds,overcast clouds,27.15,31.05,89,1014,2.06,91,10000
2026-10-02 23:06:13,Pekanbaru,Clouds,overcast clouds,27.15,31.05,89,1013,2.57,93,10000
2026-10-03 00:05:37,Pekanbaru,Clouds,overcast clouds,26.15,26.15,94,1013,2.06,93,10000
2026-10-03 01:05:41,Pekanbaru,Rain,light rain,26.15,26.15,94,1013,0,97,10000
2026-10-03 02:05:40,Pekanbaru,Rain,light rain,26.15,26.15,94,1012,0,93,10000
2026-10-03 03:05:37,Pekanbaru,Clouds,overcast clouds,26.15,26.15,94,1011,0.51,97,10000
2026-10-03 04:05:34,Pekanbaru,Clouds,overcast clouds,26.15,26.15,94,1011,1.03,93,10000
2026-10-03 05:05:41,Pekanbaru,Clouds,overcast clouds,26.15,26.15,94,1011,2.57,92,10000
2026-10-03 06:05:32,Pekanbaru,Clouds,overcast clouds,26.15,26.15,89,1012,3.09,92,10000
2026-10-03 07:05:34,Pekanbaru,Rain,moderate rain,26.15,26.15,94,1014,2.06,95,10000
2026-10-03 08:05:39,Pekanbaru,Clouds,overcast clouds,27.15,31.05,89,1014,2.06,100,10000
2026-10-03 09:05:40,Pekanbaru,Clouds,overcast clouds,29.86,36.86,81,1016,0.63,100,10000
2026-10-03 10:05:33,Pekanbaru,Clouds,overcast clouds,30.15,35.41,70,1014,0,100,10000
2026-10-03 11:05:34,Pekanbaru,Rain,light rain,30.15,35.41,70,1015,2.06,100,10000
2026-10-03 12:05:38,Pekanbaru,Rain,light rain,32.15,38.06,62,1013,2.57,100,7758
2026-10-03 13:05:30,Pekanbaru,Rain,light rain,33.15,39.18,58,1012,2.57,100,10000
2026-10-03 14:05:33,Pekanbaru,Rain,light rain,33.15,39.18,58,1010,1.54,100,10000
2026-10-03 15:05:31,Pekanbaru,Rain,light rain,33.15,39.18,58,1009,2.57,100,10000
2026-10-03 16:05:35,Pekanbaru,Rain,light rain,33.15,39.18,58,1009,2.57,100,10000
2026-10-03 17:05:32,Pekanbaru,Clouds,overcast clouds,33.15,40.15,62,1009,1.03,100,10000
2026-10-03 18:05:37,Pekanbaru,Clouds,overcast clouds,32.15,39.15,66,1009,2.06,100,10000
2026-10-03 19:05:30,Pekanbaru,Rain,light rain,30.15,37.15,79,1010,3.09,95,10000
2026-10-03 20:05:40,Pekanbaru,Clouds,broken clouds,29.15,34.94,79,1012,2.57,84,10000
2026-10-03 21:05:30,Pekanbaru,Rain,moderate rain,29.15,34.94,79,1012,2.06,71,10000
2026-10-03 22:06:10,Pekanbaru,Rain,moderate rain,25.15,26.33,100,1013,5.66,85,10000
2026-10-03 23:05:36,Pekanbaru,Rain,heavy intensity rain,25.15,26.18,94,1013,9.26,88,10000
2026-10-04 00:05:39,Pekanbaru,Rain,moderate rain,24.15,25.23,100,1013,4.12,87,10000
2026-10-04 01:05:37,Pekanbaru,Rain,moderate rain,24.15,25.23,100,1012,6.17,78,10000
2026-10-04 02:05:42,Pekanbaru,Rain,light rain,24.15,25.23,100,1011,2.06,98,10000
2026-10-04 03:05:35,Pekanbaru,Rain,light rain,24.15,25.23,100,1011,2.06,93,8035
2026-10-04 04:05:31,Pekanbaru,Clouds,overcast clouds,24.15,25.23,100,1011,0.51,94,10000
2026-10-04 05:05:48,Pekanbaru,Rain,light rain,24.15,25.23,100,1011,1.54,93,10000
2026-10-04 06:05:38,Pekanbaru,Rain,light rain,24.15,25.23,100,1012,1.54,89,10000
2026-10-04 07:05:32,Pekanbaru,Rain,light rain,24.15,25.23,100,1012,1.54,88,10000
2026-10-04 08:05:42,Pekanbaru,Rain,moderate rain,25.15,26.18,94,1014,1.03,100,10000
2026-10-04 09:05:34,Pekanbaru,Rain,moderate rain,26.15,26.15,94,1013,1.03,81,10000
2026-10-04 10:05:34,Pekanbaru,Rain,light rain,27.15,31.05,89,1014,1.03,86,10000
2026-10-04 11:05:34,Pekanbaru,Rain,light rain,29.15,34.94,79,1013,2.06,90,10000
2026-10-04 12:05:35,Pekanbaru,Rain,light rain,29.15,34.94,79,1013,1.54,92,10000
2026-10-04 13:06:08,Pekanbaru,Rain,moderate rain,29.15,33.86,74,1012,2.57,97,10000
2026-10-04 14:05:37,Pekanbaru,Clouds,overcast clouds,30.15,35.41,70,1011,0,100,10000
2026-10-04 15:05:40,Pekanbaru,Clouds,overcast clouds,30.15,36.44,74,1009,2.06,100,10000
2026-10-04 16:05:35,Pekanbaru,Clouds,overcast clouds,30.15,36.44,74,1009,2.06,100,10000
2026-10-04 17:05:35,Pekanbaru,Rain,light rain,30.15,36.44,74,1008,2.06,100,10000
2026-10-04 18:05:36,Pekanbaru,Rain,moderate rain,30.15,36.44,74,1009,2.06,100,10000
2026-10-04 19:05:33,Pekanbaru,Rain,light rain,29.15,34.94,79,1010,2.06,100,10000
2026-10-04 20:05:34,Pekanbaru,Rain,light rain,28.15,32.98,83,1011,0,100,10000
2026-10-04 21:05:37,Pekanbaru,Rain,light rain,28.15,34.04,89,1012,1.54,100,10000
2026-10-04 22:05:36,Pekanbaru,Rain,light rain,27.15,31.64,94,1012,0,100,10000
2026-10-04 23:05:39,Pekanbaru,Rain,moderate rain,26.15,26.15,100,1012,1.03,95,3298
2026-10-05 00:05:39,Pekanbaru,Rain,moderate rain,26.15,26.15,94,1011,1.03,93,10000
2026-10-05 01:05:37,Pekanbaru,Clouds,broken clouds,26.15,26.15,100,1012,1.54,75,10000
2026-10-05 02:05:37,Pekanbaru,Clouds,overcast clouds,26.15,26.15,100,1010,1.03,100,10000
2026-10-05 03:05:35,Pekanbaru,Rain,moderate rain,26.15,26.15,100,1010,1.54,100,3047
2026-10-05 04:05:34,Pekanbaru,Rain,light rain,26.15,26.15,100,1010,0,100,10000
2026-10-05 05:05:36,Pekanbaru,Clouds,overcast clouds,26.15,26.15,100,1010,0,100,10000
2026-10-05 06:05:40,Pekanbaru,Clouds,overcast clouds,25.15,26.33,100,1011,0,100,10000
